Compound;;DB09128	DTI	Gene;;1813
Compound;;DB00334	DTI	Gene;;1813
Compound;;DB00471	DTI	Gene;;8698
Compound;;CHEMBL442577	DTI	Gene;;4986
Compound;;DB00854	DTI	Gene;;4988
Compound;;DB01186	DTI	Gene;;3356
Compound;;DB08839	DTI	Gene;;3361
Compound;;DB12789	DTI	Gene;;5731
Compound;;DB07425	DTI	Gene;;1128
Compound;;DB00813	DTI	Gene;;4986
Compound;;DB00905	DTI	Gene;;5737
Compound;;DB11477	DTI	Gene;;150
Compound;;DB01198	DTI	Gene;;139760
Compound;;DB00903	DTI	Gene;;1128
Compound;;DB01488	DTI	Gene;;3362
Compound;;DB03374	DTI	Gene;;3061
Compound;;DB00982	DTI	Gene;;5914
Compound;;DB02300	DTI	Gene;;7421
Compound;;DB00951	DTI	Gene;;4158
Compound;;DB01200	DTI	Gene;;3362
Compound;;DB06530	DTI	Gene;;51284
Compound;;DB00268	DTI	Gene;;1814
Compound;;DB05939	DTI	Gene;;338442
Compound;;DB00132	DTI	Gene;;2864
Compound;;DB04485	DTI	Gene;;338442
Compound;;DB00918	DTI	Gene;;3352
Compound;;DB04066	DTI	Gene;;338442
Compound;;CHEMBL2111138	DTI	Gene;;3350
Compound;;DB02733	DTI	Gene;;155
Compound;;DB12789	DTI	Gene;;5737
Compound;;DB01186	DTI	Gene;;1816
Compound;;DB12836	DTI	Gene;;136
Compound;;DB00104	DTI	Gene;;6753
Compound;;DB00310	DTI	Gene;;1235
Compound;;DB07724	DTI	Gene;;5465
Compound;;DB00518	DTI	Gene;;51289
Compound;;DB03128	DTI	Gene;;1129
Compound;;DB01228	DTI	Gene;;4986
Compound;;DB07675	DTI	Gene;;5468
Compound;;DB09099	DTI	Gene;;6754
Compound;;DB05271	DTI	Gene;;1813
Compound;;DB06684	DTI	Gene;;3269
Compound;;DB00457	DTI	Gene;;5618
Compound;;DB12198	DTI	Gene;;2908
Compound;;DB01085	DTI	Gene;;1131
Compound;;DB00174	DTI	Gene;;2358
Compound;;DB08653	DTI	Gene;;3356
Compound;;DB00669	DTI	Gene;;3354
Compound;;DB05381	DTI	Gene;;3269
Compound;;DB00171	DTI	Gene;;53829
Compound;;DB04971	DTI	Gene;;5465
Compound;;DB00205	DTI	Gene;;163702
Compound;;DB00246	DTI	Gene;;3354
Compound;;DB00195	DTI	Gene;;1747
Compound;;DB01941	DTI	Gene;;6256
Compound;;DB00953	DTI	Gene;;3350
Compound;;DB11995	DTI	Gene;;4352
Compound;;DB00216	DTI	Gene;;3352
Compound;;CHEMBL1201099	DTI	Gene;;4986
Compound;;DB12830	DTI	Gene;;4986
Compound;;DB12527	DTI	Gene;;1137
Compound;;DB00799	DTI	Gene;;5916
Compound;;DB00481	DTI	Gene;;133396
Compound;;DB01288	DTI	Gene;;154
Compound;;DB00120	DTI	Gene;;124274
Compound;;DB08653	DTI	Gene;;3358
Compound;;DB12478	DTI	Gene;;3350
Compound;;DB00668	DTI	Gene;;148
Compound;;DB11858	DTI	Gene;;10800
Compound;;DB01603	DTI	Gene;;8811
Compound;;DB12458	DTI	Gene;;2559
Compound;;DB06455	DTI	Gene;;23620
Compound;;CHEMBL3833353	DTI	Gene;;10266
Compound;;DB02097	DTI	Gene;;4829
Compound;;DB12789	DTI	Gene;;6915
Compound;;CHEMBL1200449	DTI	Gene;;2908
Compound;;CHEMBL60859	DTI	Gene;;3350
Compound;;DB01576	DTI	Gene;;134864
Compound;;DB06210	DTI	Gene;;4352
Compound;;DB00669	DTI	Gene;;3355
Compound;;CHEMBL501079	DTI	Gene;;8484
Compound;;DB14541	DTI	Gene;;2908
Compound;;DB00321	DTI	Gene;;846
Compound;;DB07215	DTI	Gene;;5465
Compound;;DB03619	DTI	Gene;;151306
Compound;;CHEMBL52333	DTI	Gene;;2833
Compound;;DB01138	DTI	Gene;;2798
Compound;;CHEMBL13990	DTI	Gene;;155
Compound;;DB01065	DTI	Gene;;4543
Compound;;DB05035	DTI	Gene;;7068
Compound;;DB01240	DTI	Gene;;5731
Compound;;DB00130	DTI	Gene;;222545
Compound;;DB14010	DTI	Gene;;3354
Compound;;CHEMBL2027925	DTI	Gene;;3350
Compound;;DB00371	DTI	Gene;;2564
Compound;;CHEMBL2105635	DTI	Gene;;10203
Compound;;DB12478	DTI	Gene;;1814
Compound;;DB01200	DTI	Gene;;3352
Compound;;DB00675	DTI	Gene;;2852
Compound;;DB09071	DTI	Gene;;4543
Compound;;DB00459	DTI	Gene;;6258
Compound;;DB01410	DTI	Gene;;2908
Compound;;DB00844	DTI	Gene;;4988
Compound;;DB01222	DTI	Gene;;2908
Compound;;CHEMBL2027925	DTI	Gene;;12
Compound;;DB01235	DTI	Gene;;4935
Compound;;DB00813	DTI	Gene;;4985
Compound;;DB04871	DTI	Gene;;3358
Compound;;DB08915	DTI	Gene;;5468
Compound;;DB04566	DTI	Gene;;1233
Compound;;DB00434	DTI	Gene;;1902
Compound;;DB02966	DTI	Gene;;2890
Compound;;DB00128	DTI	Gene;;2905
Compound;;DB01603	DTI	Gene;;2587
Compound;;DB00047	DTI	Gene;;3643
Compound;;DB00588	DTI	Gene;;2908
Compound;;CHEMBL1084942	DTI	Gene;;680
Compound;;DB00780	DTI	Gene;;56670
Compound;;DB04954	DTI	Gene;;134
Compound;;CHEMBL52333	DTI	Gene;;7852
Compound;;DB01186	DTI	Gene;;150
Compound;;DB01200	DTI	Gene;;3350
Compound;;DB01990	DTI	Gene;;6095
Compound;;DB01611	DTI	Gene;;2149
Compound;;DB00952	DTI	Gene;;3350
Compound;;DB12567	DTI	Gene;;2862
Compound;;DB00714	DTI	Gene;;1814
Compound;;DB05009	DTI	Gene;;140
Compound;;DB02377	DTI	Gene;;1232
Compound;;DB00783	DTI	Gene;;2099
Compound;;DB00142	DTI	Gene;;2916
Compound;;DB05458	DTI	Gene;;1137
Compound;;DB00171	DTI	Gene;;5032
Compound;;CHEMBL278590	DTI	Gene;;5468
Compound;;CHEMBL288166	DTI	Gene;;2898
Compound;;DB05271	DTI	Gene;;1814
Compound;;DB00315	DTI	Gene;;3351
Compound;;DB04908	DTI	Gene;;3350
Compound;;DB00668	DTI	Gene;;152
Compound;;DB00755	DTI	Gene;;7182
Compound;;DB01440	DTI	Gene;;79581
Compound;;DB00929	DTI	Gene;;5732
Compound;;CHEMBL34453	DTI	Gene;;2916
Compound;;DB00917	DTI	Gene;;5732
Compound;;DB00589	DTI	Gene;;3351
Compound;;DB00962	DTI	Gene;;2840
Compound;;CHEMBL490665	DTI	Gene;;4986
Compound;;DB00181	DTI	Gene;;2550
Compound;;DB00935	DTI	Gene;;151
Compound;;DB00917	DTI	Gene;;5734
Compound;;DB00412	DTI	Gene;;5468
Compound;;DB09071	DTI	Gene;;4544
Compound;;DB00799	DTI	Gene;;5914
Compound;;DB00988	DTI	Gene;;1814
Compound;;DB01200	DTI	Gene;;3358
Compound;;DB00589	DTI	Gene;;3356
Compound;;DB01224	DTI	Gene;;3354
Compound;;DB05271	DTI	Gene;;1815
Compound;;DB00920	DTI	Gene;;2847
Compound;;DB11653	DTI	Gene;;4159
Compound;;DB04263	DTI	Gene;;4988
Compound;;DB00547	DTI	Gene;;2908
Compound;;CHEMBL188462	DTI	Gene;;1137
Compound;;DB05422	DTI	Gene;;3350
Compound;;DB01393	DTI	Gene;;5465
Compound;;DB00770	DTI	Gene;;5731
Compound;;DB06213	DTI	Gene;;136
Compound;;DB00334	DTI	Gene;;3354
Compound;;DB00871	DTI	Gene;;154
Compound;;DB05422	DTI	Gene;;10280
Compound;;DB00210	DTI	Gene;;5915
Compound;;DB05562	DTI	Gene;;10280
Compound;;DB00968	DTI	Gene;;152
Compound;;CHEMBL2062265	DTI	Gene;;150
Compound;;DB06412	DTI	Gene;;367
Compound;;DB07724	DTI	Gene;;5467
Compound;;DB00035	DTI	Gene;;553
Compound;;DB00374	DTI	Gene;;5731
Compound;;DB12651	DTI	Gene;;5468
Compound;;DB01010	DTI	Gene;;4988
Compound;;DB04005	DTI	Gene;;5032
Compound;;DB01488	DTI	Gene;;3352
Compound;;CHEMBL143210	DTI	Gene;;2914
Compound;;DB00929	DTI	Gene;;5734
Compound;;DB00708	DTI	Gene;;4988
Compound;;CHEMBL130715	DTI	Gene;;1131
Compound;;DB01238	DTI	Gene;;3350
Compound;;DB00339	DTI	Gene;;2359
Compound;;DB00982	DTI	Gene;;5915
Compound;;DB01132	DTI	Gene;;5468
Compound;;DB07724	DTI	Gene;;5468
Compound;;DB00371	DTI	Gene;;2568
Compound;;DB00099	DTI	Gene;;1441
Compound;;DB03766	DTI	Gene;;2867
Compound;;DB00414	DTI	Gene;;51284
Compound;;DB00988	DTI	Gene;;1813
Compound;;DB09099	DTI	Gene;;6755
Compound;;DB00816	DTI	Gene;;154
Compound;;DB00898	DTI	Gene;;10268
Compound;;DB00371	DTI	Gene;;2555
Compound;;DB00913	DTI	Gene;;4988
Compound;;DB00307	DTI	Gene;;6258
Compound;;DB00589	DTI	Gene;;3352
Compound;;DB00374	DTI	Gene;;5733
Compound;;DB12371	DTI	Gene;;53637
Compound;;CHEMBL76781	DTI	Gene;;3358
Compound;;CHEMBL2107731	DTI	Gene;;4988
Compound;;DB13307	DTI	Gene;;2859
Compound;;DB00696	DTI	Gene;;3356
Compound;;DB03929	DTI	Gene;;2903
Compound;;DB01216	DTI	Gene;;2585
Compound;;DB13471	DTI	Gene;;4986
Compound;;DB00714	DTI	Gene;;3350
Compound;;DB00636	DTI	Gene;;5465
Compound;;DB00917	DTI	Gene;;5733
Compound;;DB00281	DTI	Gene;;8323
Compound;;DB04522	DTI	Gene;;575
Compound;;CHEMBL2218917	DTI	Gene;;1131
Compound;;DB00134	DTI	Gene;;8811
Compound;;CHEMBL175543	DTI	Gene;;140
Compound;;DB00589	DTI	Gene;;1815
Compound;;DB00860	DTI	Gene;;2908
Compound;;DB00668	DTI	Gene;;147
Compound;;DB00696	DTI	Gene;;3355
Compound;;DB08802	DTI	Gene;;887
Compound;;DB00248	DTI	Gene;;3357
Compound;;DB00171	DTI	Gene;;5023
Compound;;DB00630	DTI	Gene;;6753
Compound;;DB03796	DTI	Gene;;1812
Compound;;CHEMBL278590	DTI	Gene;;5465
Compound;;DB01186	DTI	Gene;;3351
Compound;;DB01160	DTI	Gene;;5737
Compound;;DB12458	DTI	Gene;;2569
Compound;;DB00555	DTI	Gene;;2798
Compound;;DB00669	DTI	Gene;;3351
Compound;;DB06229	DTI	Gene;;3350
Compound;;CHEMBL12620	DTI	Gene;;59340
Compound;;DB00139	DTI	Gene;;56670
Compound;;DB00302	DTI	Gene;;269
Compound;;DB00459	DTI	Gene;;5914
Compound;;DB00952	DTI	Gene;;3354
Compound;;DB00575	DTI	Gene;;151
Compound;;DB00523	DTI	Gene;;5916
Compound;;DB00666	DTI	Gene;;2798
Compound;;DB00142	DTI	Gene;;2917
Compound;;DB00145	DTI	Gene;;222545
Compound;;DB04660	DTI	Gene;;3577
Compound;;CHEMBL1200705	DTI	Gene;;151
Compound;;DB01861	DTI	Gene;;2840
Compound;;DB09421	DTI	Gene;;7201
Compound;;DB00202	DTI	Gene;;1134
Compound;;DB13944	DTI	Gene;;367
Compound;;DB05990	DTI	Gene;;9971
Compound;;DB01019	DTI	Gene;;1131
Compound;;CHEMBL442577	DTI	Gene;;4988
Compound;;DB11477	DTI	Gene;;151
Compound;;CHEMBL269016	DTI	Gene;;887
Compound;;DB14596	DTI	Gene;;2908
Compound;;DB00371	DTI	Gene;;2559
Compound;;DB00836	DTI	Gene;;4988
Compound;;DB13873	DTI	Gene;;5465
Compound;;DB08892	DTI	Gene;;2550
Compound;;DB12458	DTI	Gene;;200959
Compound;;CHEMBL1256818	DTI	Gene;;10280
Compound;;DB00255	DTI	Gene;;2099
Compound;;DB03222	DTI	Gene;;5032
Compound;;DB01365	DTI	Gene;;3579
Compound;;DB00896	DTI	Gene;;2908
Compound;;DB12110	DTI	Gene;;3358
Compound;;DB04630	DTI	Gene;;6752
Compound;;DB06262	DTI	Gene;;147
Compound;;DB00246	DTI	Gene;;3351
Compound;;DB00899	DTI	Gene;;4988
Compound;;DB01433	DTI	Gene;;4988
Compound;;CHEMBL598	DTI	Gene;;2864
Compound;;DB01088	DTI	Gene;;5737
Compound;;DB00551	DTI	Gene;;51289
Compound;;DB03128	DTI	Gene;;1131
Compound;;DB00917	DTI	Gene;;5737
Compound;;DB00216	DTI	Gene;;3355
Compound;;CHEMBL1199729	DTI	Gene;;5031
Compound;;DB00153	DTI	Gene;;7421
Compound;;DB08839	DTI	Gene;;9177
Compound;;DB09099	DTI	Gene;;6751
Compound;;DB06948	DTI	Gene;;306
Compound;;DB02751	DTI	Gene;;1234
Compound;;DB01278	DTI	Gene;;5244
Compound;;DB12458	DTI	Gene;;2570
Compound;;DB01559	DTI	Gene;;6256
Compound;;DB03120	DTI	Gene;;2587
Compound;;CHEMBL286080	DTI	Gene;;1816
Compound;;DB03696	DTI	Gene;;1524
Compound;;DB01253	DTI	Gene;;3354
Compound;;DB00136	DTI	Gene;;7421
Compound;;DB04540	DTI	Gene;;6095
Compound;;DB00339	DTI	Gene;;2357
Compound;;DB00353	DTI	Gene;;3358
Compound;;DB00149	DTI	Gene;;2587
Compound;;DB01200	DTI	Gene;;3356
Compound;;DB09099	DTI	Gene;;6752
Compound;;CHEMBL106666	DTI	Gene;;5468
Compound;;CHEMBL440765	DTI	Gene;;4986
Compound;;DB00353	DTI	Gene;;3357
Compound;;DB07080	DTI	Gene;;7376
Compound;;DB14642	DTI	Gene;;554
Compound;;DB02659	DTI	Gene;;151306
Compound;;DB08078	DTI	Gene;;5467
Compound;;DB08348	DTI	Gene;;130399
Compound;;CHEMBL1743008	DTI	Gene;;8795
Compound;;DB02929	DTI	Gene;;5028
Compound;;CHEMBL230963	DTI	Gene;;3350
Compound;;DB06090	DTI	Gene;;1139
Compound;;DB00980	DTI	Gene;;4543
Compound;;DB00589	DTI	Gene;;3362
Compound;;DB01484	DTI	Gene;;3356
Compound;;DB13074	DTI	Gene;;2693
Compound;;DB00924	DTI	Gene;;2864
Compound;;DB02097	DTI	Gene;;2925
Compound;;DB08827	DTI	Gene;;4544
Compound;;CHEMBL24938	DTI	Gene;;4985
Compound;;CHEMBL2107731	DTI	Gene;;4986
Compound;;DB00799	DTI	Gene;;5915
Compound;;DB00497	DTI	Gene;;4988
Compound;;DB11674	DTI	Gene;;2100
Compound;;DB00166	DTI	Gene;;8811
Compound;;CHEMBL1050	DTI	Gene;;5737
Compound;;DB11842	DTI	Gene;;186
Compound;;CHEMBL397209	DTI	Gene;;2840
Compound;;DB01035	DTI	Gene;;3362
Compound;;DB00926	DTI	Gene;;5915
Compound;;CHEMBL2107846	DTI	Gene;;8795
Compound;;DB08653	DTI	Gene;;3357
Compound;;DB04575	DTI	Gene;;2100
Compound;;DB04005	DTI	Gene;;5030
Compound;;DB04630	DTI	Gene;;2357
Compound;;DB04853	DTI	Gene;;136
Compound;;DB00394	DTI	Gene;;2908
Compound;;CHEMBL175782	DTI	Gene;;59340
Compound;;DB12789	DTI	Gene;;5733
Compound;;DB02751	DTI	Gene;;1230
Compound;;DB02531	DTI	Gene;;2867
Compound;;CHEMBL76781	DTI	Gene;;3357
Compound;;DB03568	DTI	Gene;;105
Compound;;DB12789	DTI	Gene;;5732
Compound;;DB04983	DTI	Gene;;5029
Compound;;DB01364	DTI	Gene;;154
Compound;;CHEMBL1256958	DTI	Gene;;147
Compound;;CHEMBL295416	DTI	Gene;;5465
Compound;;DB01235	DTI	Gene;;1814
Compound;;DB00917	DTI	Gene;;6915
Compound;;DB00764	DTI	Gene;;2908
Compound;;DB00770	DTI	Gene;;5732
Compound;;DB00988	DTI	Gene;;1816
Compound;;DB12830	DTI	Gene;;4987
Compound;;DB09462	DTI	Gene;;1234
Compound;;DB00318	DTI	Gene;;4985
Compound;;DB06707	DTI	Gene;;150
Compound;;CHEMBL1201638	DTI	Gene;;3643
Compound;;DB01380	DTI	Gene;;2908
Compound;;DB08827	DTI	Gene;;4543
Compound;;DB02984	DTI	Gene;;5032
Compound;;DB06920	DTI	Gene;;1132
Compound;;DB08839	DTI	Gene;;3351
Compound;;DB04258	DTI	Gene;;7421
Compound;;CHEMBL1200705	DTI	Gene;;154
Compound;;DB00668	DTI	Gene;;153
Compound;;DB00654	DTI	Gene;;5737
Compound;;DB11726	DTI	Gene;;1139
Compound;;CHEMBL3833353	DTI	Gene;;799
Compound;;CHEMBL1767407	DTI	Gene;;5029
Compound;;CHEMBL313714	DTI	Gene;;3351
Compound;;CHEMBL1200705	DTI	Gene;;150
Compound;;DB00630	DTI	Gene;;6751
Compound;;CHEMBL1201466	DTI	Gene;;2100
Compound;;CHEMBL2062265	DTI	Gene;;3352
Compound;;DB00633	DTI	Gene;;150
Compound;;DB00544	DTI	Gene;;1128
Compound;;DB08893	DTI	Gene;;155
Compound;;DB06262	DTI	Gene;;152
Compound;;DB00246	DTI	Gene;;3352
Compound;;DB03568	DTI	Gene;;338442
Compound;;DB01186	DTI	Gene;;1812
Compound;;DB00248	DTI	Gene;;1812
Compound;;CHEMBL2107846	DTI	Gene;;8797
Compound;;DB00067	DTI	Gene;;552
Compound;;DB06016	DTI	Gene;;1814
Compound;;DB00184	DTI	Gene;;1141
Compound;;DB00755	DTI	Gene;;5915
Compound;;DB01291	DTI	Gene;;154
Compound;;DB00983	DTI	Gene;;154
Compound;;DB00210	DTI	Gene;;5914
Compound;;DB00374	DTI	Gene;;5729
Compound;;DB08167	DTI	Gene;;2587
Compound;;DB01159	DTI	Gene;;887
Compound;;DB03677	DTI	Gene;;1233
Compound;;DB02527	DTI	Gene;;2358
Compound;;DB04711	DTI	Gene;;9002
Compound;;DB12478	DTI	Gene;;1813
Compound;;CHEMBL212233	DTI	Gene;;2914
Compound;;DB06536	DTI	Gene;;5465
Compound;;CHEMBL275628	DTI	Gene;;3354
Compound;;DB01019	DTI	Gene;;1132
Compound;;DB00627	DTI	Gene;;1812
Compound;;CHEMBL143210	DTI	Gene;;2918
Compound;;CHEMBL2218917	DTI	Gene;;1128
Compound;;DB00363	DTI	Gene;;3351
Compound;;DB00523	DTI	Gene;;5915
Compound;;DB00917	DTI	Gene;;11251
Compound;;CHEMBL2027925	DTI	Gene;;3352
Compound;;DB08839	DTI	Gene;;9
Compound;;DB13943	DTI	Gene;;367
Compound;;DB00770	DTI	Gene;;5734
Compound;;DB00778	DTI	Gene;;2862
Compound;;DB00315	DTI	Gene;;3355
Compound;;DB00484	DTI	Gene;;151
Compound;;DB01010	DTI	Gene;;4986
Compound;;DB00127	DTI	Gene;;846
Compound;;DB06190	DTI	Gene;;154
Compound;;DB11653	DTI	Gene;;4160
Compound;;DB06789	DTI	Gene;;5241
Compound;;CHEMBL411557	DTI	Gene;;4986
Compound;;DB03066	DTI	Gene;;27198
Compound;;DB01411	DTI	Gene;;7461
Compound;;DB08839	DTI	Gene;;3358
Compound;;DB01224	DTI	Gene;;1813
Compound;;DB11732	DTI	Gene;;3355
Compound;;DB00669	DTI	Gene;;3352
Compound;;DB01048	DTI	Gene;;6915
Compound;;DB01484	DTI	Gene;;3358
Compound;;DB00696	DTI	Gene;;3352
Compound;;DB01079	DTI	Gene;;9
Compound;;DB01625	DTI	Gene;;3973
Compound;;CHEMBL1256958	DTI	Gene;;154
Compound;;DB00404	DTI	Gene;;6752
Compound;;DB06587	DTI	Gene;;2862
Compound;;DB02854	DTI	Gene;;1906
Compound;;DB00633	DTI	Gene;;151
Compound;;DB01200	DTI	Gene;;1812
Compound;;DB00371	DTI	Gene;;2562
Compound;;DB12662	DTI	Gene;;5468
Compound;;DB01005	DTI	Gene;;10803
Compound;;CHEMBL1616	DTI	Gene;;1814
Compound;;DB13946	DTI	Gene;;367
Compound;;DB00374	DTI	Gene;;5732
Compound;;DB02984	DTI	Gene;;5028
Compound;;DB06594	DTI	Gene;;4544
Compound;;DB01019	DTI	Gene;;1129
Compound;;DB14737	DTI	Gene;;1268
Compound;;DB00490	DTI	Gene;;3350
Compound;;DB14010	DTI	Gene;;3355
Compound;;DB00929	DTI	Gene;;5733
Compound;;CHEMBL1616	DTI	Gene;;1813
Compound;;DB00933	DTI	Gene;;1813
Compound;;DB12789	DTI	Gene;;5729
Compound;;DB00630	DTI	Gene;;6752
Compound;;DB01134	DTI	Gene;;4306
Compound;;CHEMBL130715	DTI	Gene;;1132
Compound;;DB02406	DTI	Gene;;2867
Compound;;CHEMBL265859	DTI	Gene;;5021
Compound;;DB00788	DTI	Gene;;2847
Compound;;DB00887	DTI	Gene;;2859
Compound;;DB01178	DTI	Gene;;706
Compound;;DB08231	DTI	Gene;;2864
Compound;;DB00371	DTI	Gene;;2557
Compound;;DB00750	DTI	Gene;;1271
Compound;;DB03796	DTI	Gene;;1816
Compound;;DB04971	DTI	Gene;;5468
Compound;;DB06791	DTI	Gene;;6755
Compound;;DB01010	DTI	Gene;;1814
Compound;;DB05855	DTI	Gene;;1137
Compound;;DB08869	DTI	Gene;;2692
Compound;;DB09272	DTI	Gene;;4988
Compound;;DB00952	DTI	Gene;;3355
Compound;;DB01186	DTI	Gene;;3357
Compound;;DB04522	DTI	Gene;;2916
Compound;;DB09462	DTI	Gene;;1230
Compound;;DB04871	DTI	Gene;;3356
Compound;;DB03128	DTI	Gene;;1133
Compound;;DB00153	DTI	Gene;;2863
Compound;;DB12988	DTI	Gene;;5465
Compound;;DB01186	DTI	Gene;;1813
Compound;;DB00823	DTI	Gene;;5241
Compound;;DB01088	DTI	Gene;;5739
Compound;;DB06684	DTI	Gene;;1813
Compound;;DB01088	DTI	Gene;;6915
Compound;;CHEMBL313714	DTI	Gene;;3350
Compound;;DB06454	DTI	Gene;;1814
Compound;;DB04829	DTI	Gene;;3362
Compound;;DB08915	DTI	Gene;;5465
Compound;;DB01200	DTI	Gene;;1814
Compound;;DB00956	DTI	Gene;;4986
Compound;;DB12612	DTI	Gene;;1901
Compound;;DB00244	DTI	Gene;;2898
Compound;;DB00640	DTI	Gene;;136
Compound;;DB01357	DTI	Gene;;2099
Compound;;CHEMBL2052017	DTI	Gene;;6752
Compound;;DB00155	DTI	Gene;;222545
Compound;;DB00363	DTI	Gene;;3350
Compound;;DB14013	DTI	Gene;;9572
Compound;;CHEMBL2062265	DTI	Gene;;152
Compound;;DB00388	DTI	Gene;;148
Compound;;DB06809	DTI	Gene;;57007
Compound;;DB04620	DTI	Gene;;1240
Compound;;DB04703	DTI	Gene;;2587
Compound;;DB00248	DTI	Gene;;3358
Compound;;DB01001	DTI	Gene;;154
Compound;;DB00459	DTI	Gene;;6256
Compound;;DB00128	DTI	Gene;;2903
Compound;;DB02966	DTI	Gene;;2891
Compound;;CHEMBL541521	DTI	Gene;;187
Compound;;DB01484	DTI	Gene;;3357
Compound;;DB06202	DTI	Gene;;2099
Compound;;DB04183	DTI	Gene;;56670
Compound;;DB01200	DTI	Gene;;1813
Compound;;DB00968	DTI	Gene;;151
Compound;;DB12702	DTI	Gene;;9
Compound;;DB00621	DTI	Gene;;367
Compound;;DB01186	DTI	Gene;;3350
Compound;;DB08653	DTI	Gene;;3351
Compound;;DB14544	DTI	Gene;;2908
Compound;;DB12702	DTI	Gene;;3360
Compound;;DB06780	DTI	Gene;;4306
Compound;;DB01224	DTI	Gene;;3352
Compound;;DB06684	DTI	Gene;;3350
Compound;;DB05381	DTI	Gene;;59340
Compound;;DB07780	DTI	Gene;;9170
Compound;;DB03929	DTI	Gene;;2904
Compound;;DB01028	DTI	Gene;;2741
Compound;;DB00022	DTI	Gene;;3454
Compound;;DB00627	DTI	Gene;;338442
Compound;;DB04703	DTI	Gene;;8484
Compound;;DB00307	DTI	Gene;;6256
Compound;;DB11274	DTI	Gene;;3357
Compound;;DB00246	DTI	Gene;;1813
Compound;;DB00413	DTI	Gene;;1813
Compound;;DB00411	DTI	Gene;;1131
Compound;;CHEMBL2027925	DTI	Gene;;3356
Compound;;DB06791	DTI	Gene;;6752
Compound;;DB14010	DTI	Gene;;3358
Compound;;DB01234	DTI	Gene;;139760
Compound;;CHEMBL2110870	DTI	Gene;;2798
Compound;;CHEMBL1883966	DTI	Gene;;1237
Compound;;DB04299	DTI	Gene;;56670
Compound;;DB01192	DTI	Gene;;4988
Compound;;DB06920	DTI	Gene;;1129
Compound;;DB00668	DTI	Gene;;154
Compound;;DB00523	DTI	Gene;;6258
Compound;;DB04829	DTI	Gene;;3357
Compound;;DB00022	DTI	Gene;;3455
Compound;;DB00844	DTI	Gene;;4986
Compound;;DB02640	DTI	Gene;;154
Compound;;DB14539	DTI	Gene;;139760
Compound;;CHEMBL1201618	DTI	Gene;;2642
Compound;;DB03451	DTI	Gene;;7421
Compound;;DB00459	DTI	Gene;;5915
Compound;;DB03120	DTI	Gene;;8484
Compound;;DB01200	DTI	Gene;;1816
Compound;;DB00128	DTI	Gene;;2904
Compound;;DB00248	DTI	Gene;;1814
Compound;;DB00551	DTI	Gene;;122042
Compound;;CHEMBL3707316	DTI	Gene;;1139
Compound;;DB12865	DTI	Gene;;846
Compound;;DB03766	DTI	Gene;;105
Compound;;DB05039	DTI	Gene;;154
Compound;;DB01577	DTI	Gene;;1813
Compound;;DB00421	DTI	Gene;;6752
Compound;;CHEMBL3545334	DTI	Gene;;5465
Compound;;DB07080	DTI	Gene;;10062
Compound;;DB01861	DTI	Gene;;9934
Compound;;DB01244	DTI	Gene;;7434
Compound;;DB00752	DTI	Gene;;157
Compound;;DB00374	DTI	Gene;;5734
Compound;;DB01395	DTI	Gene;;5241
Compound;;DB00632	DTI	Gene;;51284
Compound;;CHEMBL1256958	DTI	Gene;;150
Compound;;DB00404	DTI	Gene;;6753
Compound;;DB00841	DTI	Gene;;153
Compound;;DB00180	DTI	Gene;;2908
Compound;;CHEMBL298972	DTI	Gene;;4985
Compound;;DB00339	DTI	Gene;;2358
Compound;;DB00668	DTI	Gene;;155
Compound;;DB00320	DTI	Gene;;1813
Compound;;DB04522	DTI	Gene;;2918
Compound;;DB00935	DTI	Gene;;150
Compound;;CHEMBL1200432	DTI	Gene;;150
Compound;;DB03884	DTI	Gene;;64106
Compound;;DB00351	DTI	Gene;;1901
Compound;;CHEMBL266591	DTI	Gene;;3354
Compound;;DB01238	DTI	Gene;;3356
Compound;;DB00320	DTI	Gene;;3355
Compound;;CHEMBL34453	DTI	Gene;;2912
Compound;;DB00268	DTI	Gene;;1813
Compound;;DB00151	DTI	Gene;;134864
Compound;;DB00926	DTI	Gene;;5916
Compound;;DB03128	DTI	Gene;;1128
Compound;;DB00207	DTI	Gene;;117
Compound;;DB00328	DTI	Gene;;11251
Compound;;DB12511	DTI	Gene;;5465
Compound;;DB13867	DTI	Gene;;2908
Compound;;DB00403	DTI	Gene;;887
Compound;;DB12612	DTI	Gene;;1903
Compound;;DB00253	DTI	Gene;;5029
Compound;;DB00371	DTI	Gene;;2560
Compound;;DB07780	DTI	Gene;;57121
Compound;;DB00327	DTI	Gene;;51284
Compound;;DB00956	DTI	Gene;;4988
Compound;;DB00982	DTI	Gene;;5916
Compound;;CHEMBL1200705	DTI	Gene;;147
Compound;;CHEMBL188528	DTI	Gene;;2099
Compound;;DB00518	DTI	Gene;;339403
Compound;;DB00935	DTI	Gene;;148
Compound;;DB00142	DTI	Gene;;2914
Compound;;DB00351	DTI	Gene;;5241
Compound;;DB00145	DTI	Gene;;2903
Compound;;DB01614	DTI	Gene;;1816
Compound;;DB11858	DTI	Gene;;57105
Compound;;DB06262	DTI	Gene;;154
Compound;;DB01941	DTI	Gene;;5914
Compound;;DB01278	DTI	Gene;;2740
Compound;;DB00696	DTI	Gene;;3354
Compound;;DB00655	DTI	Gene;;2099
Compound;;DB00509	DTI	Gene;;7067
Compound;;CHEMBL2027925	DTI	Gene;;3351
Compound;;DB08254	DTI	Gene;;135
Compound;;DB08839	DTI	Gene;;3362
Compound;;DB00508	DTI	Gene;;9290
Compound;;DB08653	DTI	Gene;;3354
Compound;;DB00129	DTI	Gene;;222545
Compound;;DB01603	DTI	Gene;;8484
Compound;;DB04137	DTI	Gene;;5030
Compound;;DB00295	DTI	Gene;;4988
Compound;;DB03884	DTI	Gene;;5540
Compound;;DB02818	DTI	Gene;;2897
Compound;;DB01085	DTI	Gene;;5031
Compound;;DB03435	DTI	Gene;;9934
Compound;;DB00171	DTI	Gene;;5029
Compound;;DB14540	DTI	Gene;;2908
Compound;;DB00755	DTI	Gene;;5914
Compound;;DB01956	DTI	Gene;;7840
Compound;;DB00276	DTI	Gene;;5021
Compound;;DB09099	DTI	Gene;;6753
Compound;;DB00052	DTI	Gene;;2690
Compound;;DB12110	DTI	Gene;;3354
Compound;;DB01274	DTI	Gene;;154
Compound;;CHEMBL1200480	DTI	Gene;;6753
Compound;;CHEMBL1201634	DTI	Gene;;3643
Compound;;DB00307	DTI	Gene;;6257
Compound;;DB00244	DTI	Gene;;5468
Compound;;DB01016	DTI	Gene;;1128
Compound;;DB01234	DTI	Gene;;4306
Compound;;DB00207	DTI	Gene;;7434
Compound;;DB00216	DTI	Gene;;3351
Compound;;DB00248	DTI	Gene;;1813
Compound;;DB00926	DTI	Gene;;6257
Compound;;DB00669	DTI	Gene;;3361
Compound;;DB11362	DTI	Gene;;5739
Compound;;DB08653	DTI	Gene;;3352
Compound;;DB08906	DTI	Gene;;2908
Compound;;DB12110	DTI	Gene;;3356
Compound;;DB02545	DTI	Gene;;9971
Compound;;DB00012	DTI	Gene;;2057
Compound;;DB08839	DTI	Gene;;12
Compound;;DB06713	DTI	Gene;;5241
Compound;;DB00960	DTI	Gene;;154
Compound;;DB01013	DTI	Gene;;2908
Compound;;DB00696	DTI	Gene;;3358
Compound;;DB01406	DTI	Gene;;367
Compound;;CHEMBL1201099	DTI	Gene;;4988
Compound;;DB00443	DTI	Gene;;2908
Compound;;CHEMBL2105635	DTI	Gene;;799
Compound;;DB00551	DTI	Gene;;59350
Compound;;DB00007	DTI	Gene;;2798
Compound;;DB00696	DTI	Gene;;3362
Compound;;CHEMBL286080	DTI	Gene;;1812
Compound;;DB01186	DTI	Gene;;1814
Compound;;DB08839	DTI	Gene;;3352
Compound;;CHEMBL265859	DTI	Gene;;553
Compound;;DB00210	DTI	Gene;;5916
Compound;;DB06707	DTI	Gene;;151
Compound;;DB04365	DTI	Gene;;1132
Compound;;DB08868	DTI	Gene;;1901
Compound;;CHEMBL252764	DTI	Gene;;6755
Compound;;CHEMBL266591	DTI	Gene;;3355
Compound;;DB01408	DTI	Gene;;154
Compound;;DB01047	DTI	Gene;;2908
Compound;;DB01019	DTI	Gene;;1128
Compound;;DB00624	DTI	Gene;;367
Compound;;DB00926	DTI	Gene;;6256
Compound;;DB06454	DTI	Gene;;1815
Compound;;DB00589	DTI	Gene;;1813
Compound;;DB05009	DTI	Gene;;135
Compound;;DB00627	DTI	Gene;;1816
Compound;;DB00860	DTI	Gene;;139760
Compound;;DB00802	DTI	Gene;;4988
Compound;;DB00454	DTI	Gene;;4988
Compound;;DB00363	DTI	Gene;;10203
Compound;;DB02377	DTI	Gene;;1234
Compound;;DB06213	DTI	Gene;;135
Compound;;DB07930	DTI	Gene;;53831
Compound;;DB01819	DTI	Gene;;1910
Compound;;DB06684	DTI	Gene;;9
Compound;;CHEMBL1466483	DTI	Gene;;2840
Compound;;DB12061	DTI	Gene;;1813
Compound;;DB14014	DTI	Gene;;9572
Compound;;DB00429	DTI	Gene;;5737
Compound;;DB04575	DTI	Gene;;2099
Compound;;DB00952	DTI	Gene;;3351
Compound;;DB01088	DTI	Gene;;5729
Compound;;CHEMBL1257107	DTI	Gene;;5729
Compound;;DB12612	DTI	Gene;;8698
Compound;;DB00523	DTI	Gene;;5914
Compound;;DB00589	DTI	Gene;;1812
Compound;;DB00640	DTI	Gene;;140
Compound;;DB06230	DTI	Gene;;4985
Compound;;DB06920	DTI	Gene;;1131
Compound;;DB00142	DTI	Gene;;2913
Compound;;CHEMBL2027925	DTI	Gene;;9
Compound;;DB14642	DTI	Gene;;552
Compound;;DB01149	DTI	Gene;;5746
Compound;;DB01224	DTI	Gene;;3350
Compound;;CHEMBL1256958	DTI	Gene;;155
Compound;;DB03175	DTI	Gene;;2359
Compound;;DB00998	DTI	Gene;;3350
Compound;;CHEMBL1201466	DTI	Gene;;2099
Compound;;DB00723	DTI	Gene;;147
Compound;;DB00860	DTI	Gene;;4306
Compound;;CHEMBL261919	DTI	Gene;;1910
Compound;;DB04891	DTI	Gene;;7421
Compound;;DB00481	DTI	Gene;;1271
Compound;;DB00630	DTI	Gene;;6755
Compound;;DB11937	DTI	Gene;;2859
Compound;;CHEMBL2062262	DTI	Gene;;148
Compound;;DB00523	DTI	Gene;;6257
Compound;;DB13307	DTI	Gene;;9170
Compound;;CHEMBL175543	DTI	Gene;;136
Compound;;DB00415	DTI	Gene;;2358
Compound;;DB01645	DTI	Gene;;5468
Compound;;DB00514	DTI	Gene;;10280
Compound;;DB00327	DTI	Gene;;4988
Compound;;DB05465	DTI	Gene;;4352
Compound;;DB00714	DTI	Gene;;1815
Compound;;CHEMBL52333	DTI	Gene;;57007
Compound;;CHEMBL1876219	DTI	Gene;;1137
Compound;;CHEMBL278590	DTI	Gene;;5467
Compound;;CHEMBL2096742	DTI	Gene;;4157
Compound;;DB12458	DTI	Gene;;2557
Compound;;DB00327	DTI	Gene;;4986
Compound;;DB00509	DTI	Gene;;7068
Compound;;DB08839	DTI	Gene;;3354
Compound;;CHEMBL1200705	DTI	Gene;;155
Compound;;DB09068	DTI	Gene;;3350
Compound;;DB01586	DTI	Gene;;9971
Compound;;DB15566	DTI	Gene;;2357
Compound;;DB06480	DTI	Gene;;3360
Compound;;DB08891	DTI	Gene;;2550
Compound;;DB00322	DTI	Gene;;338442
Compound;;DB02852	DTI	Gene;;2900
Compound;;DB05395	DTI	Gene;;155
Compound;;DB00276	DTI	Gene;;552
Compound;;DB08231	DTI	Gene;;338557
Compound;;DB01548	DTI	Gene;;4985
Compound;;DB06691	DTI	Gene;;163702
Compound;;DB12458	DTI	Gene;;2556
Compound;;CHEMBL252764	DTI	Gene;;6751
Compound;;DB12462	DTI	Gene;;5739
Compound;;DB00150	DTI	Gene;;124274
Compound;;DB00411	DTI	Gene;;1129
Compound;;CHEMBL175543	DTI	Gene;;134
Compound;;DB05104	DTI	Gene;;4986
Compound;;DB00714	DTI	Gene;;150
Compound;;DB06190	DTI	Gene;;155
Compound;;DB00472	DTI	Gene;;5737
Compound;;DB12458	DTI	Gene;;2554
Compound;;DB00800	DTI	Gene;;1812
Compound;;DB00145	DTI	Gene;;2905
Compound;;DB08190	DTI	Gene;;4543
Compound;;DB00327	DTI	Gene;;4985
Compound;;CHEMBL494303	DTI	Gene;;2150
Compound;;DB03791	DTI	Gene;;7376
Compound;;DB08839	DTI	Gene;;3355
Compound;;DB02966	DTI	Gene;;2893
Compound;;DB01291	DTI	Gene;;1747
Compound;;DB00717	DTI	Gene;;5241
Compound;;DB02406	DTI	Gene;;105
Compound;;DB05416	DTI	Gene;;5467
Compound;;CHEMBL14830	DTI	Gene;;53829
Compound;;DB00145	DTI	Gene;;2904
Compound;;DB00394	DTI	Gene;;222487
Compound;;DB00979	DTI	Gene;;2864
Compound;;DB00935	DTI	Gene;;3352
Compound;;DB00755	DTI	Gene;;5916
Compound;;DB09082	DTI	Gene;;154
Compound;;CHEMBL97450	DTI	Gene;;3351
Compound;;DB01917	DTI	Gene;;2359
Compound;;DB03884	DTI	Gene;;308
Compound;;DB00633	DTI	Gene;;2908
Compound;;DB00181	DTI	Gene;;9
Compound;;DB06832	DTI	Gene;;2100
Compound;;DB01260	DTI	Gene;;2908
Compound;;DB02998	DTI	Gene;;367
Compound;;DB00608	DTI	Gene;;259249
Compound;;DB12836	DTI	Gene;;140
Compound;;DB00412	DTI	Gene;;2864
Compound;;DB00371	DTI	Gene;;55879
Compound;;DB03756	DTI	Gene;;2864
Compound;;CHEMBL34453	DTI	Gene;;2917
Compound;;DB00363	DTI	Gene;;3354
Compound;;DB00378	DTI	Gene;;5241
Compound;;DB01130	DTI	Gene;;2908
Compound;;DB00841	DTI	Gene;;154
Compound;;CHEMBL3833353	DTI	Gene;;10267
Compound;;DB06510	DTI	Gene;;5465
Compound;;DB00938	DTI	Gene;;3459
Compound;;DB04908	DTI	Gene;;3356
Compound;;DB00320	DTI	Gene;;3352
Compound;;DB00315	DTI	Gene;;3354
Compound;;DB00589	DTI	Gene;;1816
Compound;;DB00197	DTI	Gene;;5468
Compound;;DB00591	DTI	Gene;;2908
Compound;;DB04787	DTI	Gene;;5241
Compound;;DB11858	DTI	Gene;;2840
Compound;;CHEMBL1200432	DTI	Gene;;152
Compound;;CHEMBL146346	DTI	Gene;;9290
Compound;;CHEMBL113180	DTI	Gene;;2897
Compound;;DB00589	DTI	Gene;;1814
Compound;;CHEMBL1200480	DTI	Gene;;6751
Compound;;DB04942	DTI	Gene;;5914
Compound;;CHEMBL2096742	DTI	Gene;;4161
Compound;;DB04005	DTI	Gene;;5031
Compound;;CHEMBL3544954	DTI	Gene;;2798
Compound;;DB06777	DTI	Gene;;9971
Compound;;DB05542	DTI	Gene;;3360
Compound;;DB01186	DTI	Gene;;1815
Compound;;DB02377	DTI	Gene;;1230
Compound;;DB00714	DTI	Gene;;1813
Compound;;DB00589	DTI	Gene;;3350
Compound;;DB08653	DTI	Gene;;3355
Compound;;DB00363	DTI	Gene;;3352
Compound;;DB01645	DTI	Gene;;2101
Compound;;DB00988	DTI	Gene;;1815
Compound;;DB12527	DTI	Gene;;1141
Compound;;DB06684	DTI	Gene;;1814
Compound;;CHEMBL265859	DTI	Gene;;552
Compound;;DB01240	DTI	Gene;;5739
Compound;;DB01085	DTI	Gene;;1133
Compound;;DB03435	DTI	Gene;;5031
Compound;;DB00575	DTI	Gene;;152
Compound;;DB00207	DTI	Gene;;7433
Compound;;DB00125	DTI	Gene;;222545
Compound;;DB00328	DTI	Gene;;5468
Compound;;DB01054	DTI	Gene;;1880
Compound;;DB02531	DTI	Gene;;105
Compound;;DB00953	DTI	Gene;;3354
Compound;;DB00575	DTI	Gene;;150
Compound;;DB06920	DTI	Gene;;1128
Compound;;DB06262	DTI	Gene;;155
Compound;;DB03128	DTI	Gene;;1132
Compound;;DB00953	DTI	Gene;;3355
Compound;;CHEMBL3545303	DTI	Gene;;4352
Compound;;DB00181	DTI	Gene;;9568
Compound;;DB06791	DTI	Gene;;6753
Compound;;DB13952	DTI	Gene;;2099
Compound;;DB04829	DTI	Gene;;12
Compound;;DB06788	DTI	Gene;;2798
Compound;;DB06789	DTI	Gene;;1233
Compound;;CHEMBL261919	DTI	Gene;;1909
Compound;;DB00182	DTI	Gene;;5465
Compound;;DB00371	DTI	Gene;;2566
Compound;;DB00104	DTI	Gene;;6752
Compound;;DB04522	DTI	Gene;;2917
Compound;;DB12830	DTI	Gene;;4988
Compound;;DB01186	DTI	Gene;;151
Compound;;DB06213	DTI	Gene;;140
Compound;;CHEMBL1200705	DTI	Gene;;152
Compound;;DB00067	DTI	Gene;;5021
Compound;;DB00953	DTI	Gene;;3352
Compound;;DB01088	DTI	Gene;;5731
Compound;;DB00956	DTI	Gene;;4985
Compound;;CHEMBL442577	DTI	Gene;;4985
Compound;;DB00207	DTI	Gene;;2862
Compound;;DB12662	DTI	Gene;;5465
Compound;;CHEMBL2062265	DTI	Gene;;151
Compound;;DB00523	DTI	Gene;;6256
Compound;;DB06204	DTI	Gene;;4988
Compound;;DB04829	DTI	Gene;;3350
Compound;;CHEMBL77502	DTI	Gene;;5465
Compound;;DB00846	DTI	Gene;;2908
Compound;;DB00603	DTI	Gene;;5241
Compound;;DB03017	DTI	Gene;;53831
Compound;;CHEMBL1200480	DTI	Gene;;6754
Compound;;DB01933	DTI	Gene;;1394
Compound;;DB00459	DTI	Gene;;5916
Compound;;CHEMBL1256958	DTI	Gene;;153
Compound;;DB00315	DTI	Gene;;3352
Compound;;DB14543	DTI	Gene;;2908
Compound;;DB00244	DTI	Gene;;2900
Compound;;DB13954	DTI	Gene;;2099
Compound;;DB00149	DTI	Gene;;8811
Compound;;DB00160	DTI	Gene;;222545
Compound;;CHEMBL3545231	DTI	Gene;;1139
Compound;;DB00968	DTI	Gene;;150
Compound;;DB00248	DTI	Gene;;1816
Compound;;DB01185	DTI	Gene;;367
Compound;;DB00964	DTI	Gene;;150
Compound;;DB02848	DTI	Gene;;139760
Compound;;DB04796	DTI	Gene;;7421
Compound;;DB00926	DTI	Gene;;5914
Compound;;DB00295	DTI	Gene;;4985
Compound;;CHEMBL2218893	DTI	Gene;;154
Compound;;DB06594	DTI	Gene;;4543
Compound;;DB00898	DTI	Gene;;10203
Compound;;DB00696	DTI	Gene;;3357
Compound;;CHEMBL3092413	DTI	Gene;;2863
Compound;;DB00813	DTI	Gene;;4988
Compound;;DB00363	DTI	Gene;;6891
Compound;;DB04860	DTI	Gene;;51284
Compound;;DB00320	DTI	Gene;;3354
Compound;;DB00248	DTI	Gene;;3356
Compound;;DB09097	DTI	Gene;;1813
Compound;;DB07996	DTI	Gene;;2696
Compound;;DB00371	DTI	Gene;;2554
Compound;;CHEMBL97450	DTI	Gene;;5746
Compound;;DB01106	DTI	Gene;;23620
Compound;;DB06707	DTI	Gene;;152
Compound;;CHEMBL2105635	DTI	Gene;;10267
Compound;;DB01079	DTI	Gene;;3360
Compound;;DB01065	DTI	Gene;;4544
Compound;;DB00917	DTI	Gene;;5729
Compound;;DB00142	DTI	Gene;;2912
Compound;;DB11653	DTI	Gene;;4157
Compound;;DB04853	DTI	Gene;;140
Compound;;CHEMBL265859	DTI	Gene;;554
Compound;;DB02655	DTI	Gene;;2905
Compound;;DB00315	DTI	Gene;;3350
Compound;;DB05838	DTI	Gene;;552
Compound;;DB07675	DTI	Gene;;5465
Compound;;DB00501	DTI	Gene;;55366
Compound;;DB00724	DTI	Gene;;51284
Compound;;CHEMBL1200432	DTI	Gene;;151
Compound;;DB02852	DTI	Gene;;2898
Compound;;CHEMBL1200480	DTI	Gene;;6755
Compound;;CHEMBL1200705	DTI	Gene;;148
Compound;;DB05562	DTI	Gene;;3350
Compound;;DB00371	DTI	Gene;;2565
Compound;;DB00404	DTI	Gene;;6755
Compound;;DB00902	DTI	Gene;;27202
Compound;;CHEMBL1590266	DTI	Gene;;3350
Compound;;DB03791	DTI	Gene;;10062
Compound;;DB01021	DTI	Gene;;9290
Compound;;DB00169	DTI	Gene;;7421
Compound;;DB02655	DTI	Gene;;2903
Compound;;DB00371	DTI	Gene;;2561
Compound;;DB00953	DTI	Gene;;3351
Compound;;DB04573	DTI	Gene;;2099
Compound;;DB00823	DTI	Gene;;51311
Compound;;DB04325	DTI	Gene;;134864
Compound;;DB11842	DTI	Gene;;185
Compound;;DB02530	DTI	Gene;;3351
Compound;;DB00334	DTI	Gene;;3350
Compound;;DB04888	DTI	Gene;;3350
Compound;;DB01139	DTI	Gene;;7253
Compound;;DB08190	DTI	Gene;;4544
Compound;;CHEMBL2027925	DTI	Gene;;3358
Compound;;DB08839	DTI	Gene;;3350
Compound;;DB00611	DTI	Gene;;4986
Compound;;CHEMBL143210	DTI	Gene;;2916
Compound;;DB00434	DTI	Gene;;23566
Compound;;CHEMBL2107204	DTI	Gene;;1128
Compound;;DB02852	DTI	Gene;;2897
Compound;;DB06210	DTI	Gene;;983
Compound;;CHEMBL1961795	DTI	Gene;;9572
Compound;;DB06213	DTI	Gene;;134
Compound;;DB15566	DTI	Gene;;2358
Compound;;DB09076	DTI	Gene;;1128
Compound;;DB03600	DTI	Gene;;53831
Compound;;DB04983	DTI	Gene;;5030
Compound;;CHEMBL111659	DTI	Gene;;1137
Compound;;DB00454	DTI	Gene;;4986
Compound;;DB00714	DTI	Gene;;1812
Compound;;DB00714	DTI	Gene;;1816
Compound;;DB00216	DTI	Gene;;3350
Compound;;DB06262	DTI	Gene;;148
Compound;;DB00396	DTI	Gene;;5241
Compound;;DB09080	DTI	Gene;;154
Compound;;CHEMBL1256958	DTI	Gene;;148
Compound;;DB01227	DTI	Gene;;4988
Compound;;DB00371	DTI	Gene;;2567
Compound;;DB06262	DTI	Gene;;151
Compound;;DB00959	DTI	Gene;;2908
Compound;;DB01240	DTI	Gene;;5734
Compound;;DB00945	DTI	Gene;;2358
Compound;;DB00945	DTI	Gene;;3357
Compound;;DB06410	DTI	Gene;;7421
Compound;;DB00481	DTI	Gene;;2852
Compound;;DB00545	DTI	Gene;;163702
Compound;;DB06832	DTI	Gene;;2099
Compound;;DB00035	DTI	Gene;;5021
Compound;;DB01565	DTI	Gene;;4986
Compound;;DB00753	DTI	Gene;;6870
Compound;;DB00411	DTI	Gene;;1132
Compound;;DB06090	DTI	Gene;;1137
Compound;;DB00131	DTI	Gene;;2587
Compound;;DB08893	DTI	Gene;;154
Compound;;DB06920	DTI	Gene;;1133
Compound;;DB01039	DTI	Gene;;5465
Compound;;DB00844	DTI	Gene;;4985
Compound;;DB01085	DTI	Gene;;1129
Compound;;CHEMBL76781	DTI	Gene;;3356
Compound;;CHEMBL130715	DTI	Gene;;1128
Compound;;DB00120	DTI	Gene;;8811
Compound;;DB13867	DTI	Gene;;154
Compound;;DB00276	DTI	Gene;;27198
Compound;;DB00818	DTI	Gene;;3577
Compound;;DB08890	DTI	Gene;;2984
Compound;;DB00890	DTI	Gene;;2099
Compound;;DB01200	DTI	Gene;;3351
Compound;;DB00484	DTI	Gene;;150
Compound;;DB04005	DTI	Gene;;5029
Compound;;CHEMBL1491825	DTI	Gene;;5465
Compound;;DB00741	DTI	Gene;;2908
Compound;;DB07423	DTI	Gene;;367
Compound;;DB12612	DTI	Gene;;9294
Compound;;DB06710	DTI	Gene;;367
Compound;;DB00183	DTI	Gene;;887
Compound;;DB01186	DTI	Gene;;3352
Compound;;DB00635	DTI	Gene;;2908
Compound;;DB12371	DTI	Gene;;8698
Compound;;DB01240	DTI	Gene;;3356
Compound;;DB01085	DTI	Gene;;1128
Compound;;DB01028	DTI	Gene;;2743
Compound;;CHEMBL314338	DTI	Gene;;155
Compound;;DB02984	DTI	Gene;;53829
Compound;;DB00333	DTI	Gene;;4988
Compound;;DB01420	DTI	Gene;;367
Compound;;DB00184	DTI	Gene;;1137
Compound;;DB00344	DTI	Gene;;1268
Compound;;DB00320	DTI	Gene;;3351
Compound;;DB00171	DTI	Gene;;2840
Compound;;DB00396	DTI	Gene;;4306
Compound;;DB06510	DTI	Gene;;5468
Compound;;DB00883	DTI	Gene;;2492
Compound;;DB04853	DTI	Gene;;134
Compound;;DB00248	DTI	Gene;;3351
Compound;;DB00351	DTI	Gene;;8698
Compound;;CHEMBL266591	DTI	Gene;;3351
Compound;;DB00669	DTI	Gene;;3350
Compound;;CHEMBL288166	DTI	Gene;;2897
Compound;;DB00104	DTI	Gene;;6755
Compound;;DB00270	DTI	Gene;;2740
Compound;;DB00333	DTI	Gene;;4985
Compound;;DB06777	DTI	Gene;;151306
Compound;;DB01297	DTI	Gene;;7461
Compound;;DB00620	DTI	Gene;;2908
Compound;;DB12511	DTI	Gene;;5468
Compound;;DB00952	DTI	Gene;;3352
Compound;;DB00142	DTI	Gene;;2911
Compound;;DB00546	DTI	Gene;;706
Compound;;DB00091	DTI	Gene;;1903
Compound;;DB12789	DTI	Gene;;11251
Compound;;CHEMBL1775169	DTI	Gene;;139760
Compound;;DB00611	DTI	Gene;;4985
Compound;;DB00099	DTI	Gene;;1438
Compound;;DB01088	DTI	Gene;;5733
Compound;;DB00287	DTI	Gene;;5737
Compound;;DB01565	DTI	Gene;;4988
Compound;;CHEMBL14830	DTI	Gene;;5031
Compound;;DB00947	DTI	Gene;;2852
Compound;;DB04871	DTI	Gene;;3357
Compound;;DB04365	DTI	Gene;;1128
Compound;;DB04365	DTI	Gene;;1131
Compound;;CHEMBL1201099	DTI	Gene;;4985
Compound;;DB06781	DTI	Gene;;2908
Compound;;DB00898	DTI	Gene;;6891
Compound;;DB11429	DTI	Gene;;367
Compound;;DB03435	DTI	Gene;;2840
Compound;;DB08167	DTI	Gene;;8811
Compound;;DB01224	DTI	Gene;;3355
Compound;;DB00957	DTI	Gene;;5241
Compound;;DB03120	DTI	Gene;;8811
Compound;;CHEMBL12608	DTI	Gene;;59340
Compound;;DB04853	DTI	Gene;;135
Compound;;CHEMBL3833353	DTI	Gene;;10268
Compound;;CHEMBL14830	DTI	Gene;;64805
Compound;;DB00935	DTI	Gene;;3358
Compound;;DB00248	DTI	Gene;;1815
Compound;;CHEMBL130715	DTI	Gene;;1129
Compound;;DB00324	DTI	Gene;;2908
Compound;;DB00067	DTI	Gene;;553
Compound;;DB00411	DTI	Gene;;1128
Compound;;DB01933	DTI	Gene;;1395
Compound;;DB01407	DTI	Gene;;154
Compound;;DB01565	DTI	Gene;;4985
Compound;;DB01244	DTI	Gene;;7433
Compound;;DB00988	DTI	Gene;;1812
Compound;;DB00695	DTI	Gene;;2859
Compound;;DB04365	DTI	Gene;;1129
Compound;;DB00371	DTI	Gene;;2556
Compound;;CHEMBL2103744	DTI	Gene;;4988
Compound;;DB08839	DTI	Gene;;1816
Compound;;DB00334	DTI	Gene;;3351
Compound;;DB06454	DTI	Gene;;3350
Compound;;DB00668	DTI	Gene;;151
Compound;;DB06477	DTI	Gene;;1813
Compound;;DB01186	DTI	Gene;;3358
Compound;;DB00723	DTI	Gene;;2587
Compound;;DB00926	DTI	Gene;;6258
Compound;;DB00998	DTI	Gene;;3351
Compound;;DB01001	DTI	Gene;;6755
Compound;;DB06549	DTI	Gene;;624
Compound;;CHEMBL1630	DTI	Gene;;2358
Compound;;DB09265	DTI	Gene;;2740
Compound;;DB01009	DTI	Gene;;623
Compound;;DB04152	DTI	Gene;;2897
Compound;;DB00652	DTI	Gene;;7376
Compound;;DB11921	DTI	Gene;;2908
Compound;;DB01244	DTI	Gene;;117
Compound;;DB12830	DTI	Gene;;4985
Compound;;DB15566	DTI	Gene;;2908
Compound;;DB00248	DTI	Gene;;3350
Compound;;DB01023	DTI	Gene;;1240
Compound;;DB00162	DTI	Gene;;7182
Compound;;DB00910	DTI	Gene;;7421
Compound;;DB00304	DTI	Gene;;5241
Compound;;DB11660	DTI	Gene;;5737
Compound;;DB00195	DTI	Gene;;4883
Compound;;CHEMBL501079	DTI	Gene;;2587
Compound;;DB00279	DTI	Gene;;7067
Compound;;DB00448	DTI	Gene;;9002
Compound;;DB01576	DTI	Gene;;1813
Compound;;DB07933	DTI	Gene;;2100
Compound;;DB14512	DTI	Gene;;2908
Compound;;DB03568	DTI	Gene;;2867
Compound;;DB08653	DTI	Gene;;12
Compound;;CHEMBL1200705	DTI	Gene;;153
Compound;;DB00980	DTI	Gene;;4544
Compound;;DB04703	DTI	Gene;;8811
Compound;;DB01012	DTI	Gene;;846
Compound;;DB09064	DTI	Gene;;5465
Compound;;DB12371	DTI	Gene;;1903
Compound;;DB08891	DTI	Gene;;9568
Compound;;DB01785	DTI	Gene;;623
Compound;;DB06016	DTI	Gene;;1813
Compound;;DB05271	DTI	Gene;;1816
Compound;;DB01121	DTI	Gene;;56670
Compound;;DB06786	DTI	Gene;;2908
Compound;;DB00067	DTI	Gene;;554
Compound;;DB00935	DTI	Gene;;3351
Compound;;DB00977	DTI	Gene;;2099
Compound;;DB08839	DTI	Gene;;3357
Compound;;DB02530	DTI	Gene;;3352
Compound;;DB00640	DTI	Gene;;134
Compound;;DB05838	DTI	Gene;;554
Compound;;DB12458	DTI	Gene;;2555
Compound;;DB06536	DTI	Gene;;5468
Compound;;CHEMBL501079	DTI	Gene;;8811
Compound;;DB02918	DTI	Gene;;139760
Compound;;DB00630	DTI	Gene;;6754
Compound;;DB01241	DTI	Gene;;5465
Compound;;DB00640	DTI	Gene;;135
Compound;;DB00246	DTI	Gene;;3350
Compound;;DB00363	DTI	Gene;;3355
Compound;;DB12458	DTI	Gene;;2558
Compound;;DB00745	DTI	Gene;;5023
Compound;;DB05667	DTI	Gene;;2149
Compound;;DB00035	DTI	Gene;;554
Compound;;DB09201	DTI	Gene;;5468
Compound;;DB00374	DTI	Gene;;5739
Compound;;CHEMBL269016	DTI	Gene;;886
Compound;;DB03672	DTI	Gene;;5734
Compound;;DB04829	DTI	Gene;;3358
Compound;;DB00767	DTI	Gene;;1813
Compound;;CHEMBL2062265	DTI	Gene;;148
Compound;;DB13170	DTI	Gene;;2984
Compound;;DB00629	DTI	Gene;;151
Compound;;DB01167	DTI	Gene;;3973
Compound;;DB00589	DTI	Gene;;3358
Compound;;DB01284	DTI	Gene;;4158
Compound;;DB01085	DTI	Gene;;1132
Compound;;DB00145	DTI	Gene;;7840
Compound;;DB00132	DTI	Gene;;338557
Compound;;DB00800	DTI	Gene;;1815
Compound;;DB00171	DTI	Gene;;5027
Compound;;DB03796	DTI	Gene;;2864
Compound;;DB01406	DTI	Gene;;5241
Compound;;DB00231	DTI	Gene;;8811
Compound;;DB08892	DTI	Gene;;9568
Compound;;DB08059	DTI	Gene;;1394
Compound;;DB02530	DTI	Gene;;9568
Compound;;DB00279	DTI	Gene;;7068
Compound;;DB00295	DTI	Gene;;4986
Compound;;DB12371	DTI	Gene;;1901
Compound;;DB01081	DTI	Gene;;4988
Compound;;DB02189	DTI	Gene;;5028
Compound;;CHEMBL1256958	DTI	Gene;;152
Compound;;CHEMBL2311103	DTI	Gene;;5241
Compound;;DB00984	DTI	Gene;;367
Compound;;DB00438	DTI	Gene;;5914
Compound;;CHEMBL1672354	DTI	Gene;;680
Compound;;CHEMBL111659	DTI	Gene;;1141
Compound;;CHEMBL12704	DTI	Gene;;59340
Compound;;DB14013	DTI	Gene;;9975
Compound;;DB00470	DTI	Gene;;1268
Compound;;DB02132	DTI	Gene;;139760
Compound;;CHEMBL214268	DTI	Gene;;1139
Compound;;DB01278	DTI	Gene;;10268
Compound;;DB01931	DTI	Gene;;9934
Compound;;DB06825	DTI	Gene;;2798
Compound;;DB06530	DTI	Gene;;51311
Compound;;DB00844	DTI	Gene;;2150
Compound;;DB00917	DTI	Gene;;5731
Compound;;DB06262	DTI	Gene;;153
Compound;;CHEMBL1222310	DTI	Gene;;1909
Compound;;DB03175	DTI	Gene;;2358
Compound;;DB00371	DTI	Gene;;2558
Compound;;CHEMBL411557	DTI	Gene;;4988
Compound;;DB04522	DTI	Gene;;2914
Compound;;CHEMBL1200516	DTI	Gene;;2798
Compound;;DB08059	DTI	Gene;;1395
Compound;;DB01282	DTI	Gene;;5021
Compound;;DB00755	DTI	Gene;;5467
Compound;;DB00602	DTI	Gene;;7840
Compound;;DB00629	DTI	Gene;;150
Compound;;DB06718	DTI	Gene;;367
Compound;;CHEMBL117168	DTI	Gene;;5729
Compound;;DB00949	DTI	Gene;;133396
Compound;;DB00353	DTI	Gene;;3356
Compound;;DB01278	DTI	Gene;;6891
Compound;;DB00334	DTI	Gene;;3355
Compound;;DB00131	DTI	Gene;;8811
Compound;;DB00388	DTI	Gene;;147
Compound;;DB00334	DTI	Gene;;3352
Compound;;DB00904	DTI	Gene;;3359
Compound;;DB14539	DTI	Gene;;2908
Compound;;DB05271	DTI	Gene;;1812
Compound;;CHEMBL2107731	DTI	Gene;;4985
Compound;;DB00411	DTI	Gene;;1133
Compound;;CHEMBL1616	DTI	Gene;;1815
Compound;;DB08839	DTI	Gene;;3356
Compound;;DB00723	DTI	Gene;;148
Compound;;DB00318	DTI	Gene;;4988
Compound;;DB13956	DTI	Gene;;2099
Compound;;DB12061	DTI	Gene;;3350
Compound;;DB03929	DTI	Gene;;2905
Compound;;DB00333	DTI	Gene;;4986
Compound;;DB13307	DTI	Gene;;1902
Compound;;CHEMBL411557	DTI	Gene;;4985
Compound;;DB04630	DTI	Gene;;4306
Compound;;CHEMBL2311186	DTI	Gene;;4985
Compound;;CHEMBL34453	DTI	Gene;;2913
Compound;;CHEMBL1753	DTI	Gene;;7421
Compound;;DB00244	DTI	Gene;;2897
Compound;;DB00367	DTI	Gene;;5241
Compound;;DB00358	DTI	Gene;;5032
Compound;;DB09371	DTI	Gene;;5241
Compound;;DB00216	DTI	Gene;;3354
Compound;;DB06480	DTI	Gene;;9
Compound;;DB08819	DTI	Gene;;5737
Compound;;DB01010	DTI	Gene;;1813
Compound;;CHEMBL266591	DTI	Gene;;3352
Compound;;CHEMBL1672354	DTI	Gene;;2925
Compound;;DB02655	DTI	Gene;;2904
Compound;;DB04888	DTI	Gene;;1813
Compound;;CHEMBL1672354	DTI	Gene;;4829
Compound;;DB01234	DTI	Gene;;2908
Compound;;CHEMBL1200480	DTI	Gene;;6752
Compound;;DB09389	DTI	Gene;;5241
Compound;;DB00935	DTI	Gene;;147
Compound;;DB13307	DTI	Gene;;23566
Compound;;DB12110	DTI	Gene;;3357
Compound;;DB00014	DTI	Gene;;2798
Compound;;CHEMBL1256958	DTI	Gene;;151
Compound;;CHEMBL2027925	DTI	Gene;;3357
Compound;;DB00617	DTI	Gene;;2302
Compound;;DB01645	DTI	Gene;;2103
Compound;;CHEMBL2062265	DTI	Gene;;147
Compound;;DB01238	DTI	Gene;;3352
Compound;;DB00687	DTI	Gene;;4306
Compound;;DB00413	DTI	Gene;;1814
Compound;;DB00741	DTI	Gene;;4306
Compound;;DB01380	DTI	Gene;;139760
Compound;;DB14642	DTI	Gene;;553
Compound;;DB00166	DTI	Gene;;2587
Compound;;CHEMBL2027925	DTI	Gene;;3362
Compound;;DB00248	DTI	Gene;;3352
Compound;;DB00288	DTI	Gene;;2908
Compound;;DB00294	DTI	Gene;;5241
Compound;;DB00818	DTI	Gene;;3579
Compound;;DB06262	DTI	Gene;;150
Compound;;CHEMBL266591	DTI	Gene;;9177
Compound;;DB08804	DTI	Gene;;367
Compound;;DB00231	DTI	Gene;;2587
Compound;;DB00142	DTI	Gene;;2918
Compound;;CHEMBL34453	DTI	Gene;;2918
Compound;;DB00938	DTI	Gene;;154
Compound;;DB05511	DTI	Gene;;140
Compound;;DB01018	DTI	Gene;;151
Compound;;CHEMBL288166	DTI	Gene;;2900
Compound;;DB01238	DTI	Gene;;3351
Compound;;CHEMBL12608	DTI	Gene;;3274
Compound;;DB00131	DTI	Gene;;8484
Compound;;DB01018	DTI	Gene;;150
Compound;;DB00371	DTI	Gene;;2563
Compound;;CHEMBL77502	DTI	Gene;;5468
Compound;;DB00627	DTI	Gene;;27198
Compound;;DB00551	DTI	Gene;;339403
Compound;;DB05009	DTI	Gene;;134
Compound;;DB00459	DTI	Gene;;6257
Compound;;CHEMBL14830	DTI	Gene;;5028
Compound;;DB01088	DTI	Gene;;5732
Compound;;DB14014	DTI	Gene;;9975
Compound;;DB09068	DTI	Gene;;3351
Compound;;CHEMBL175543	DTI	Gene;;135
Compound;;DB01088	DTI	Gene;;5734
Compound;;DB00668	DTI	Gene;;150
Compound;;DB08839	DTI	Gene;;1812
Compound;;CHEMBL2062262	DTI	Gene;;147
Compound;;DB00770	DTI	Gene;;5729
Compound;;DB00035	DTI	Gene;;552
Compound;;DB01238	DTI	Gene;;1813
Compound;;DB00998	DTI	Gene;;3352
Compound;;CHEMBL493076	DTI	Gene;;2150
Compound;;DB09061	DTI	Gene;;2841
Compound;;DB00454	DTI	Gene;;4985
Compound;;DB03175	DTI	Gene;;2357
Compound;;DB12789	DTI	Gene;;5734
Compound;;DB12478	DTI	Gene;;2984
Compound;;DB01384	DTI	Gene;;23765
Compound;;DB00598	DTI	Gene;;554
Compound;;DB00497	DTI	Gene;;4985
Compound;;DB01238	DTI	Gene;;3358
Compound;;DB00133	DTI	Gene;;222545
Compound;;DB00611	DTI	Gene;;4988
Compound;;DB12836	DTI	Gene;;135
Compound;;DB00253	DTI	Gene;;2908
Compound;;CHEMBL13470	DTI	Gene;;4985
Compound;;DB01614	DTI	Gene;;1812
Compound;;DB00501	DTI	Gene;;8549
Compound;;DB04829	DTI	Gene;;3356
