Compound;;DB02527	DTI	Gene;;852644
Compound;;DB01234	DTI	Gene;;3576
Compound;;DB00227	DTI	Gene;;6401
Compound;;DB00281	DTI	Gene;;3146
Compound;;DB00670	DTI	Gene;;2691
Compound;;DB00683	DTI	Gene;;2078
Compound;;DB00441	DTI	Gene;;2932
Compound;;DB00143	DTI	Gene;;100037447
Compound;;DB04297	DTI	Gene;;595
Compound;;MESH;D013256	DTI	Gene;;51478
Compound;;DB01221	DTI	Gene;;3725
Compound;;MESH;C524394	DTI	Gene;;2492
Compound;;DB04743	DTI	Gene;;29126
Compound;;DB15335	DTI	Gene;;5743
Compound;;DB00997	DTI	Gene;;847
Compound;;DB00898	DTI	Gene;;4548
Compound;;DB01880	DTI	Gene;;11689
Compound;;DB00472	DTI	Gene;;1557
Compound;;DB11672	DTI	Gene;;15894
Compound;;DB06693	DTI	Gene;;1017
Compound;;DB00171	DTI	Gene;;25700
Compound;;DB09140	DTI	Gene;;25651
Compound;;DB12116	DTI	Gene;;18126
Compound;;DB00458	DTI	Gene;;24473
Compound;;DB02010	DTI	Gene;;12367
Compound;;DB01234	DTI	Gene;;19109
Compound;;DB00988	DTI	Gene;;5860
Compound;;DB00945	DTI	Gene;;6347
Compound;;DB03467	DTI	Gene;;24835
Compound;;DB00381	DTI	Gene;;7124
Compound;;MESH;D013004	DTI	Gene;;314322
Compound;;DB02527	DTI	Gene;;2908
Compound;;DB01698	DTI	Gene;;4846
Compound;;DB01645	DTI	Gene;;3569
Compound;;DB01234	DTI	Gene;;84620
Compound;;DB08838	DTI	Gene;;4953
Compound;;DB11967	DTI	Gene;;4893
Compound;;DB05018	DTI	Gene;;2717
Compound;;DB00818	DTI	Gene;;836
Compound;;DB01009	DTI	Gene;;9356
Compound;;DB00446	DTI	Gene;;21926
Compound;;DB07348	DTI	Gene;;9181
Compound;;DB05869	DTI	Gene;;3620
Compound;;DB01092	DTI	Gene;;81649
Compound;;DB02315	DTI	Gene;;493773
Compound;;DB00441	DTI	Gene;;3162
Compound;;DB00675	DTI	Gene;;6347
Compound;;DB00331	DTI	Gene;;25634
Compound;;DB00175	DTI	Gene;;6696
Compound;;DB05134	DTI	Gene;;5594
Compound;;DB11157	DTI	Gene;;2539
Compound;;DB13063	DTI	Gene;;2736
Compound;;DB00997	DTI	Gene;;12367
Compound;;DB01174	DTI	Gene;;361338
Compound;;DB00945	DTI	Gene;;18126
Compound;;DB00908	DTI	Gene;;25053
Compound;;MESH;C420606	DTI	Gene;;7299
Compound;;DB06777	DTI	Gene;;1593
Compound;;DB00877	DTI	Gene;;116636
Compound;;DB00295	DTI	Gene;;283871
Compound;;DB00908	DTI	Gene;;283871
Compound;;MESH;D014740	DTI	Gene;;100
Compound;;DB00755	DTI	Gene;;64047
Compound;;DB01050	DTI	Gene;;808231
Compound;;DB00381	DTI	Gene;;24835
Compound;;DB07232	DTI	Gene;;25591
Compound;;DB09203	DTI	Gene;;6778
Compound;;DB08162	DTI	Gene;;21926
Compound;;DB01183	DTI	Gene;;14281
Compound;;DB04557	DTI	Gene;;2539
Compound;;DB04115	DTI	Gene;;16176
Compound;;DB04297	DTI	Gene;;16184
Compound;;DB04540	DTI	Gene;;581
Compound;;DB01296	DTI	Gene;;3383
Compound;;DB01039	DTI	Gene;;18534
Compound;;DB01118	DTI	Gene;;378478
Compound;;DB04786	DTI	Gene;;5340
Compound;;DB11672	DTI	Gene;;6817
Compound;;DB00997	DTI	Gene;;7173
Compound;;DB00331	DTI	Gene;;6770
Compound;;DB05383	DTI	Gene;;12169
Compound;;MESH;C009687	DTI	Gene;;25738
Compound;;DB00199	DTI	Gene;;3569
Compound;;DB00682	DTI	Gene;;27973
Compound;;DB11359	DTI	Gene;;847
Compound;;DB00468	DTI	Gene;;310218
Compound;;DB01752	DTI	Gene;;7407
Compound;;DB00170	DTI	Gene;;24185
Compound;;DB00396	DTI	Gene;;3976
Compound;;MESH;D013256	DTI	Gene;;338048
Compound;;MESH;C081309	DTI	Gene;;24310
Compound;;MESH;D013749	DTI	Gene;;5618
Compound;;DB00331	DTI	Gene;;12575
Compound;;DB04540	DTI	Gene;;13805
Compound;;DB07352	DTI	Gene;;3569
Compound;;DB04555	DTI	Gene;;4312
Compound;;DB00755	DTI	Gene;;7039
Compound;;DB02701	DTI	Gene;;864
Compound;;DB00605	DTI	Gene;;6774
Compound;;DB01370	DTI	Gene;;25595
Compound;;DB00331	DTI	Gene;;51701
Compound;;DB00772	DTI	Gene;;65036
Compound;;DB01110	DTI	Gene;;1544
Compound;;DB02375	DTI	Gene;;4363
Compound;;DB00501	DTI	Gene;;67473
Compound;;DB00630	DTI	Gene;;22339
Compound;;DB02656	DTI	Gene;;4088
Compound;;DB11672	DTI	Gene;;12491
Compound;;DB03128	DTI	Gene;;100338759
Compound;;DB00159	DTI	Gene;;6347
Compound;;DB06595	DTI	Gene;;12991
Compound;;DB00257	DTI	Gene;;4363
Compound;;DB01069	DTI	Gene;;2078
Compound;;DB00988	DTI	Gene;;1728
Compound;;DB00848	DTI	Gene;;10178
Compound;;DB00898	DTI	Gene;;5594
Compound;;DB01592	DTI	Gene;;24498
Compound;;DB00227	DTI	Gene;;3630
Compound;;DB00126	DTI	Gene;;411
Compound;;DB00441	DTI	Gene;;13649
Compound;;DB00201	DTI	Gene;;5888
Compound;;MESH;D013749	DTI	Gene;;43
Compound;;DB12212	DTI	Gene;;14281
Compound;;MESH;C525726	DTI	Gene;;2064
Compound;;DB00622	DTI	Gene;;1558
Compound;;DB00778	DTI	Gene;;7422
Compound;;MESH;D059808	DTI	Gene;;2064
Compound;;DB00503	DTI	Gene;;7422
Compound;;DB03756	DTI	Gene;;6720
Compound;;DB11672	DTI	Gene;;5879
Compound;;DB00598	DTI	Gene;;154
Compound;;DB00898	DTI	Gene;;5590
Compound;;DB00396	DTI	Gene;;25675
Compound;;MESH;C079179	DTI	Gene;;21926
Compound;;DB00916	DTI	Gene;;1576
Compound;;DB04216	DTI	Gene;;4312
Compound;;DB00783	DTI	Gene;;3814
Compound;;DB06774	DTI	Gene;;29527
Compound;;DB04297	DTI	Gene;;20371
Compound;;DB08895	DTI	Gene;;25326
Compound;;DB00396	DTI	Gene;;3292
Compound;;MESH;D044949	DTI	Gene;;19225
Compound;;DB00635	DTI	Gene;;71991
Compound;;DB00563	DTI	Gene;;3615
Compound;;DB01151	DTI	Gene;;2078
Compound;;DB00755	DTI	Gene;;999
Compound;;DB01593	DTI	Gene;;2346
Compound;;MESH;D059808	DTI	Gene;;7299
Compound;;DB01373	DTI	Gene;;118471
Compound;;DB04690	DTI	Gene;;100191474
Compound;;DB00396	DTI	Gene;;4843
Compound;;DB02656	DTI	Gene;;12043
Compound;;DB07715	DTI	Gene;;170922
Compound;;MESH;D012964	DTI	Gene;;850829
Compound;;DB03904	DTI	Gene;;384
Compound;;DB11455	DTI	Gene;;4513
Compound;;DB12191	DTI	Gene;;4170
Compound;;DB01195	DTI	Gene;;20271
Compound;;DB01782	DTI	Gene;;100009014
Compound;;DB01197	DTI	Gene;;280833
Compound;;DB01987	DTI	Gene;;64524
Compound;;DB06282	DTI	Gene;;3383
Compound;;DB00227	DTI	Gene;;958
Compound;;CHEBI;47916	DTI	Gene;;4051
Compound;;DB00091	DTI	Gene;;2353
Compound;;DB04297	DTI	Gene;;1956
Compound;;DB05383	DTI	Gene;;24192
Compound;;DB04115	DTI	Gene;;18126
Compound;;DB00982	DTI	Gene;;596
Compound;;DB01954	DTI	Gene;;1390
Compound;;DB01065	DTI	Gene;;5743
Compound;;DB01065	DTI	Gene;;24804
Compound;;MESH;D000517	DTI	Gene;;2597
Compound;;DB04297	DTI	Gene;;84577
Compound;;DB12582	DTI	Gene;;5243
Compound;;DB00755	DTI	Gene;;653509
Compound;;DB04115	DTI	Gene;;4638
Compound;;DB01638	DTI	Gene;;11677
Compound;;DB00208	DTI	Gene;;1555
Compound;;DB00201	DTI	Gene;;20191
Compound;;DB06728	DTI	Gene;;100328948
Compound;;DB01234	DTI	Gene;;637
Compound;;DB06454	DTI	Gene;;2078
Compound;;DB01179	DTI	Gene;;3054
Compound;;DB02656	DTI	Gene;;6347
Compound;;DB00910	DTI	Gene;;7124
Compound;;DB00133	DTI	Gene;;26227
Compound;;DB06543	DTI	Gene;;7422
Compound;;DB00158	DTI	Gene;;22171
Compound;;DB00945	DTI	Gene;;6376
Compound;;DB00328	DTI	Gene;;873
Compound;;DB01956	DTI	Gene;;140914
Compound;;DB02587	DTI	Gene;;595
Compound;;DB01234	DTI	Gene;;707052
Compound;;DB00997	DTI	Gene;;1026
Compound;;DB08839	DTI	Gene;;4922
Compound;;DB01183	DTI	Gene;;2353
Compound;;DB01065	DTI	Gene;;989
Compound;;DB02458	DTI	Gene;;25303
Compound;;DB02527	DTI	Gene;;6319
Compound;;DB00783	DTI	Gene;;12846
Compound;;MESH;C065179	DTI	Gene;;6401
Compound;;DB00997	DTI	Gene;;24888
Compound;;DB00988	DTI	Gene;;24413
Compound;;DB01064	DTI	Gene;;314322
Compound;;DB01234	DTI	Gene;;81648
Compound;;DB01373	DTI	Gene;;280758
Compound;;DB00328	DTI	Gene;;4830
Compound;;DB08839	DTI	Gene;;24957
Compound;;DB03467	DTI	Gene;;24088
Compound;;MESH;C498826	DTI	Gene;;780
Compound;;DB04690	DTI	Gene;;4318
Compound;;MESH;C498826	DTI	Gene;;1559
Compound;;MESH;D059808	DTI	Gene;;43
Compound;;DB01167	DTI	Gene;;3627
Compound;;MESH;C100058	DTI	Gene;;4318
Compound;;DB00783	DTI	Gene;;7412
Compound;;DB06151	DTI	Gene;;7422
Compound;;DB00439	DTI	Gene;;3383
Compound;;DB00171	DTI	Gene;;25542
Compound;;DB00625	DTI	Gene;;1548
Compound;;DB00281	DTI	Gene;;83817
Compound;;DB00945	DTI	Gene;;18033
Compound;;DB00527	DTI	Gene;;590
Compound;;MESH;D000324	DTI	Gene;;1583
Compound;;DB01752	DTI	Gene;;24267
Compound;;DB00136	DTI	Gene;;6347
Compound;;DB00396	DTI	Gene;;171516
Compound;;DB01030	DTI	Gene;;3091
Compound;;DB15495	DTI	Gene;;8837
Compound;;DB02527	DTI	Gene;;50678
Compound;;DB00343	DTI	Gene;;4790
Compound;;MESH;C065179	DTI	Gene;;100009497
Compound;;DB11973	DTI	Gene;;2064
Compound;;DB00295	DTI	Gene;;19242
Compound;;DB06479	DTI	Gene;;29423
Compound;;CHEBI;26095	DTI	Gene;;83785
Compound;;MESH;D018038	DTI	Gene;;4790
Compound;;DB07352	DTI	Gene;;5243
Compound;;DB01065	DTI	Gene;;26284
Compound;;DB00945	DTI	Gene;;20312
Compound;;MESH;D013749	DTI	Gene;;207
Compound;;DB08954	DTI	Gene;;3196
Compound;;DB00945	DTI	Gene;;4843
Compound;;DB00783	DTI	Gene;;356
Compound;;MESH;C065179	DTI	Gene;;81722
Compound;;DB00898	DTI	Gene;;382056
Compound;;DB02656	DTI	Gene;;4318
Compound;;DB00154	DTI	Gene;;3992
Compound;;MESH;C548173	DTI	Gene;;17295
Compound;;MESH;C065179	DTI	Gene;;7422
Compound;;DB00783	DTI	Gene;;412
Compound;;DB00206	DTI	Gene;;24661
Compound;;DB01370	DTI	Gene;;11423
Compound;;DB09070	DTI	Gene;;6462
Compound;;DB11672	DTI	Gene;;6721
Compound;;DB00368	DTI	Gene;;7124
Compound;;DB00640	DTI	Gene;;59109
Compound;;MESH;D005227	DTI	Gene;;24413
Compound;;DB00668	DTI	Gene;;14459
Compound;;DB00622	DTI	Gene;;1565
Compound;;DB00704	DTI	Gene;;21898
Compound;;DB00199	DTI	Gene;;24224
Compound;;DB00898	DTI	Gene;;114105
Compound;;DB00693	DTI	Gene;;308
Compound;;DB00753	DTI	Gene;;6505
Compound;;DB00818	DTI	Gene;;4846
Compound;;DB00783	DTI	Gene;;403795
Compound;;DB00159	DTI	Gene;;5742
Compound;;MESH;C065179	DTI	Gene;;84680
Compound;;MESH;C083060	DTI	Gene;;920
Compound;;DB00143	DTI	Gene;;100301935
Compound;;DB00244	DTI	Gene;;7172
Compound;;DB00756	DTI	Gene;;1499
Compound;;DB00331	DTI	Gene;;5594
Compound;;DB00295	DTI	Gene;;914
Compound;;DB02375	DTI	Gene;;1020
Compound;;DB00281	DTI	Gene;;15289
Compound;;DB01370	DTI	Gene;;83817
Compound;;DB00227	DTI	Gene;;15461
Compound;;DB11898	DTI	Gene;;1586
Compound;;DB01373	DTI	Gene;;13982
Compound;;MESH;C010590	DTI	Gene;;7086
Compound;;DB02315	DTI	Gene;;50678
Compound;;DB00451	DTI	Gene;;24862
Compound;;MESH;D005227	DTI	Gene;;7097
Compound;;DB00331	DTI	Gene;;354
Compound;;DB01221	DTI	Gene;;16476
Compound;;DB01200	DTI	Gene;;2796
Compound;;DB02527	DTI	Gene;;8600
Compound;;DB01698	DTI	Gene;;19225
Compound;;DB00571	DTI	Gene;;3091
Compound;;DB14060	DTI	Gene;;4512
Compound;;DB00678	DTI	Gene;;18787
Compound;;DB00755	DTI	Gene;;30212
Compound;;DB01087	DTI	Gene;;2539
Compound;;DB00201	DTI	Gene;;83817
Compound;;DB00834	DTI	Gene;;5047
Compound;;DB01064	DTI	Gene;;14281
Compound;;DB00143	DTI	Gene;;83537
Compound;;DB00668	DTI	Gene;;590
Compound;;DB01065	DTI	Gene;;4129
Compound;;DB00834	DTI	Gene;;1576
Compound;;MESH;C065179	DTI	Gene;;1906
Compound;;DB00841	DTI	Gene;;25747
Compound;;DB01393	DTI	Gene;;15483
Compound;;DB09216	DTI	Gene;;20683
Compound;;MESH;D020106	DTI	Gene;;58962
Compound;;DB01645	DTI	Gene;;15111
Compound;;DB00898	DTI	Gene;;19017
Compound;;DB00135	DTI	Gene;;360348
Compound;;DB00295	DTI	Gene;;538173
Compound;;DB00898	DTI	Gene;;22339
Compound;;DB02527	DTI	Gene;;15978
Compound;;DB00434	DTI	Gene;;80854
Compound;;DB12422	DTI	Gene;;3383
Compound;;MESH;D020106	DTI	Gene;;281741
Compound;;DB00170	DTI	Gene;;5728
Compound;;DB00533	DTI	Gene;;5742
Compound;;DB00360	DTI	Gene;;18478
Compound;;DB00439	DTI	Gene;;5054
Compound;;DB01221	DTI	Gene;;3684
Compound;;DB00466	DTI	Gene;;596
Compound;;DB00184	DTI	Gene;;925
Compound;;DB01611	DTI	Gene;;3569
Compound;;DB08838	DTI	Gene;;17342
Compound;;DB01454	DTI	Gene;;24392
Compound;;DB00143	DTI	Gene;;18787
Compound;;DB06774	DTI	Gene;;4803
Compound;;DB04540	DTI	Gene;;18780
Compound;;MESH;C065179	DTI	Gene;;171078
Compound;;MESH;D000324	DTI	Gene;;7422
Compound;;DB01065	DTI	Gene;;24609
Compound;;DB00139	DTI	Gene;;100053958
Compound;;DB00783	DTI	Gene;;2908
Compound;;DB03461	DTI	Gene;;100328765
Compound;;DB00871	DTI	Gene;;1392
Compound;;DB04115	DTI	Gene;;19225
Compound;;DB02169	DTI	Gene;;17927
Compound;;DB00388	DTI	Gene;;19246
Compound;;DB04115	DTI	Gene;;9370
Compound;;DB00753	DTI	Gene;;23621
Compound;;DB06663	DTI	Gene;;24482
Compound;;DB07715	DTI	Gene;;116510
Compound;;DB01234	DTI	Gene;;4513
Compound;;MESH;C043211	DTI	Gene;;3757
Compound;;DB00331	DTI	Gene;;3098
Compound;;DB12116	DTI	Gene;;12367
Compound;;DB00772	DTI	Gene;;540446
Compound;;DB07352	DTI	Gene;;5743
Compound;;DB00136	DTI	Gene;;17448
Compound;;DB03904	DTI	Gene;;10725
Compound;;DB06448	DTI	Gene;;5243
Compound;;DB00783	DTI	Gene;;4792
Compound;;DB00563	DTI	Gene;;3586
Compound;;DB01645	DTI	Gene;;4313
Compound;;MESH;C498826	DTI	Gene;;5156
Compound;;DB00171	DTI	Gene;;5187
Compound;;DB00821	DTI	Gene;;3283880
Compound;;DB14909	DTI	Gene;;7422
Compound;;DB00640	DTI	Gene;;280712
Compound;;MESH;D008244	DTI	Gene;;855018
Compound;;DB00487	DTI	Gene;;1544
Compound;;DB00184	DTI	Gene;;93759
Compound;;DB04786	DTI	Gene;;7422
Compound;;DB09231	DTI	Gene;;24323
Compound;;DB11457	DTI	Gene;;6622
Compound;;DB01844	DTI	Gene;;6774
Compound;;DB02901	DTI	Gene;;8644
Compound;;DB01373	DTI	Gene;;100340891
Compound;;DB00640	DTI	Gene;;12481
Compound;;DB00959	DTI	Gene;;83765
Compound;;DB00338	DTI	Gene;;4051
Compound;;DB00235	DTI	Gene;;5817
Compound;;DB01234	DTI	Gene;;65036
Compound;;DB12422	DTI	Gene;;4790
Compound;;DB01116	DTI	Gene;;1906
Compound;;DB00709	DTI	Gene;;944565
Compound;;DB00630	DTI	Gene;;7422
Compound;;DB02587	DTI	Gene;;397520
Compound;;DB00945	DTI	Gene;;29692
Compound;;DB02789	DTI	Gene;;13070
Compound;;DB00755	DTI	Gene;;362282
Compound;;DB01039	DTI	Gene;;79602
Compound;;DB02527	DTI	Gene;;4313
Compound;;DB04297	DTI	Gene;;12443
Compound;;DB00753	DTI	Gene;;314322
Compound;;DB00898	DTI	Gene;;3725
Compound;;DB00641	DTI	Gene;;3491
Compound;;MESH;C105620	DTI	Gene;;5320
Compound;;DB09074	DTI	Gene;;1544
Compound;;DB00125	DTI	Gene;;100729682
Compound;;DB11672	DTI	Gene;;1026
Compound;;DB00396	DTI	Gene;;13075
Compound;;MESH;C535156	DTI	Gene;;1062
Compound;;DB00678	DTI	Gene;;314322
Compound;;DB00705	DTI	Gene;;1559
Compound;;DB00907	DTI	Gene;;1906
Compound;;DB00860	DTI	Gene;;5319
Compound;;DB07995	DTI	Gene;;81024
Compound;;MESH;C493772	DTI	Gene;;2353
Compound;;DB00641	DTI	Gene;;58
Compound;;DB00917	DTI	Gene;;5054
Compound;;DB09201	DTI	Gene;;5163
Compound;;DB00368	DTI	Gene;;83785
Compound;;MESH;C482205	DTI	Gene;;3091
Compound;;DB01221	DTI	Gene;;3586
Compound;;DB00159	DTI	Gene;;5594
Compound;;DB04540	DTI	Gene;;4318
Compound;;DB09130	DTI	Gene;;210
Compound;;MESH;D014801	DTI	Gene;;1499
Compound;;MESH;D013004	DTI	Gene;;24179
Compound;;DB02424	DTI	Gene;;3576
Compound;;DB13424	DTI	Gene;;1769
Compound;;DB01173	DTI	Gene;;3757
Compound;;DB00997	DTI	Gene;;7066
Compound;;DB08162	DTI	Gene;;2670
Compound;;DB06663	DTI	Gene;;18976
Compound;;DB00126	DTI	Gene;;18858
Compound;;DB00158	DTI	Gene;;42003
Compound;;DB00159	DTI	Gene;;7124
Compound;;DB00917	DTI	Gene;;1437
Compound;;DB03619	DTI	Gene;;1581
Compound;;DB01234	DTI	Gene;;24596
Compound;;DB00678	DTI	Gene;;24617
Compound;;DB00201	DTI	Gene;;3091
Compound;;DB01065	DTI	Gene;;2796
Compound;;DB06176	DTI	Gene;;4609
Compound;;DB00563	DTI	Gene;;24599
Compound;;DB01065	DTI	Gene;;29219
Compound;;DB01373	DTI	Gene;;6403
Compound;;DB01011	DTI	Gene;;15483
Compound;;DB01039	DTI	Gene;;1906
Compound;;DB00158	DTI	Gene;;24770
Compound;;DB01219	DTI	Gene;;43
Compound;;DB12116	DTI	Gene;;24498
Compound;;DB00898	DTI	Gene;;11604
Compound;;DB00125	DTI	Gene;;374004
Compound;;DB04365	DTI	Gene;;4128
Compound;;DB01592	DTI	Gene;;4609
Compound;;MESH;D013749	DTI	Gene;;7157
Compound;;DB00877	DTI	Gene;;354
Compound;;DB01956	DTI	Gene;;10628
Compound;;DB00988	DTI	Gene;;24476
Compound;;DB00641	DTI	Gene;;1066
Compound;;DB02095	DTI	Gene;;109731
Compound;;DB00755	DTI	Gene;;24835
Compound;;DB00898	DTI	Gene;;9370
Compound;;DB09203	DTI	Gene;;6356
Compound;;DB02901	DTI	Gene;;24775
Compound;;DB00196	DTI	Gene;;2078
Compound;;DB00381	DTI	Gene;;1628
Compound;;DB13174	DTI	Gene;;5879
Compound;;DB01775	DTI	Gene;;3553
Compound;;DB00503	DTI	Gene;;3091
Compound;;DB01064	DTI	Gene;;25120
Compound;;DB04216	DTI	Gene;;412
Compound;;DB00537	DTI	Gene;;164045
Compound;;DB01065	DTI	Gene;;6999
Compound;;DB00158	DTI	Gene;;854411
Compound;;MESH;C095105	DTI	Gene;;64061
Compound;;DB00877	DTI	Gene;;5111
Compound;;DB01241	DTI	Gene;;4843
Compound;;DB00292	DTI	Gene;;590
Compound;;DB09140	DTI	Gene;;5267
Compound;;DB00220	DTI	Gene;;10257
Compound;;DB00396	DTI	Gene;;6532
Compound;;DB00841	DTI	Gene;;6347
Compound;;DB01645	DTI	Gene;;5347
Compound;;DB09118	DTI	Gene;;1557
Compound;;DB00091	DTI	Gene;;83817
Compound;;DB00869	DTI	Gene;;54231
Compound;;MESH;D003976	DTI	Gene;;100338759
Compound;;DB00997	DTI	Gene;;25402
Compound;;DB11672	DTI	Gene;;2308
Compound;;DB00171	DTI	Gene;;4312
Compound;;DB07776	DTI	Gene;;1543
Compound;;DB01275	DTI	Gene;;24310
Compound;;DB00675	DTI	Gene;;2353
Compound;;MESH;D005227	DTI	Gene;;25086
Compound;;DB01017	DTI	Gene;;12362
Compound;;DB04297	DTI	Gene;;3066
Compound;;MESH;C065179	DTI	Gene;;17395
Compound;;DB04630	DTI	Gene;;108697959
Compound;;DB13323	DTI	Gene;;13106
Compound;;DB02587	DTI	Gene;;299757
Compound;;DB00201	DTI	Gene;;4128
Compound;;DB00675	DTI	Gene;;356
Compound;;DB00675	DTI	Gene;;3320
Compound;;DB00313	DTI	Gene;;54658
Compound;;DB02527	DTI	Gene;;673
Compound;;DB00783	DTI	Gene;;3283880
Compound;;DB00143	DTI	Gene;;31760
Compound;;DB00640	DTI	Gene;;15251
Compound;;DB09140	DTI	Gene;;11829
Compound;;DB00755	DTI	Gene;;24599
Compound;;DB00591	DTI	Gene;;1956
Compound;;DB00821	DTI	Gene;;807845
Compound;;MESH;C016775	DTI	Gene;;4790
Compound;;DB00143	DTI	Gene;;53581
Compound;;DB03467	DTI	Gene;;18708
Compound;;DB00563	DTI	Gene;;24312
Compound;;DB13495	DTI	Gene;;425396
Compound;;DB01645	DTI	Gene;;4513
Compound;;DB01221	DTI	Gene;;4051
Compound;;DB04315	DTI	Gene;;362799
Compound;;DB15588	DTI	Gene;;3383
Compound;;MESH;C488369	DTI	Gene;;10188
Compound;;DB04216	DTI	Gene;;23411
Compound;;DB00173	DTI	Gene;;4507
Compound;;DB04422	DTI	Gene;;23576
Compound;;DB00533	DTI	Gene;;24835
Compound;;DB03904	DTI	Gene;;307820
Compound;;DB04216	DTI	Gene;;24192
Compound;;DB00159	DTI	Gene;;107221
Compound;;DB00136	DTI	Gene;;21926
Compound;;DB01043	DTI	Gene;;43
Compound;;DB04348	DTI	Gene;;25675
Compound;;DB00898	DTI	Gene;;24596
Compound;;DB11672	DTI	Gene;;682
Compound;;DB01645	DTI	Gene;;7412
Compound;;DB01120	DTI	Gene;;4973
Compound;;DB00575	DTI	Gene;;3569
Compound;;DB13063	DTI	Gene;;12575
Compound;;DB01065	DTI	Gene;;8174
Compound;;DB01910	DTI	Gene;;852538
Compound;;MESH;D005227	DTI	Gene;;57875
Compound;;DB00755	DTI	Gene;;14179
Compound;;DB07795	DTI	Gene;;3576
Compound;;MESH;C059141	DTI	Gene;;18669
Compound;;DB01051	DTI	Gene;;9429
Compound;;DB00281	DTI	Gene;;18126
Compound;;DB00171	DTI	Gene;;4684
Compound;;DB01373	DTI	Gene;;18263
Compound;;DB01373	DTI	Gene;;403649
Compound;;DB00747	DTI	Gene;;11423
Compound;;DB00441	DTI	Gene;;1956
Compound;;DB00159	DTI	Gene;;4318
Compound;;DB01645	DTI	Gene;;5743
Compound;;DB02034	DTI	Gene;;4125
Compound;;DB00641	DTI	Gene;;83476
Compound;;DB04216	DTI	Gene;;1956
Compound;;DB00563	DTI	Gene;;18126
Compound;;DB04216	DTI	Gene;;26413
Compound;;DB00201	DTI	Gene;;100689324
Compound;;DB01222	DTI	Gene;;4363
Compound;;DB01234	DTI	Gene;;11556
Compound;;DB00641	DTI	Gene;;5444
Compound;;DB11936	DTI	Gene;;47
Compound;;DB09086	DTI	Gene;;19225
Compound;;DB01536	DTI	Gene;;13075
Compound;;MESH;C043211	DTI	Gene;;7124
Compound;;MESH;C046245	DTI	Gene;;110446
Compound;;DB04655	DTI	Gene;;13361
Compound;;DB01065	DTI	Gene;;26198
Compound;;DB00678	DTI	Gene;;3458
Compound;;DB01234	DTI	Gene;;100135558
Compound;;DB00746	DTI	Gene;;4151
Compound;;MESH;C067134	DTI	Gene;;4595
Compound;;DB00586	DTI	Gene;;4353
Compound;;DB01234	DTI	Gene;;1436
Compound;;DB08839	DTI	Gene;;277328
Compound;;DB04786	DTI	Gene;;2356
Compound;;DB04786	DTI	Gene;;164045
Compound;;DB14085	DTI	Gene;;56994
Compound;;DB00155	DTI	Gene;;23576
Compound;;DB00396	DTI	Gene;;54822
Compound;;MESH;C424422	DTI	Gene;;24782
Compound;;DB00877	DTI	Gene;;5054
Compound;;DB00749	DTI	Gene;;595
Compound;;DB00533	DTI	Gene;;1544
Compound;;DB01645	DTI	Gene;;2353
Compound;;DB00118	DTI	Gene;;4524
Compound;;DB00640	DTI	Gene;;7124
Compound;;CHEBI;48589	DTI	Gene;;590
Compound;;DB11737	DTI	Gene;;6317
Compound;;DB01373	DTI	Gene;;5327
Compound;;DB00143	DTI	Gene;;1244
Compound;;MESH;C111237	DTI	Gene;;1026
Compound;;DB00363	DTI	Gene;;7054
Compound;;DB02656	DTI	Gene;;5743
Compound;;DB00819	DTI	Gene;;361
Compound;;DB01844	DTI	Gene;;15251
Compound;;DB00603	DTI	Gene;;4830
Compound;;DB00641	DTI	Gene;;1490
Compound;;DB00396	DTI	Gene;;9464
Compound;;DB00608	DTI	Gene;;5243
Compound;;DB00677	DTI	Gene;;1803
Compound;;DB00917	DTI	Gene;;18783
Compound;;DB00715	DTI	Gene;;110355
Compound;;DB04216	DTI	Gene;;177
Compound;;DB00917	DTI	Gene;;51477
Compound;;MESH;C091347	DTI	Gene;;24598
Compound;;DB01234	DTI	Gene;;15977
Compound;;DB01593	DTI	Gene;;25402
Compound;;DB11672	DTI	Gene;;6667
Compound;;DB00184	DTI	Gene;;6770
Compound;;DB00561	DTI	Gene;;16527
Compound;;DB00091	DTI	Gene;;314322
Compound;;DB00439	DTI	Gene;;3569
Compound;;DB00898	DTI	Gene;;3479
Compound;;MESH;C065179	DTI	Gene;;83785
Compound;;DB01234	DTI	Gene;;114105
Compound;;MESH;D006877	DTI	Gene;;10013
Compound;;DB11672	DTI	Gene;;2309
Compound;;DB00244	DTI	Gene;;1956
Compound;;DB00126	DTI	Gene;;24192
Compound;;DB00136	DTI	Gene;;4513
Compound;;DB00091	DTI	Gene;;4772
Compound;;DB06732	DTI	Gene;;100301691
Compound;;DB09140	DTI	Gene;;1621
Compound;;DB00783	DTI	Gene;;60640
Compound;;DB00171	DTI	Gene;;307820
Compound;;DB00275	DTI	Gene;;1471
Compound;;MESH;D013004	DTI	Gene;;29131
Compound;;DB01050	DTI	Gene;;6564
Compound;;DB01954	DTI	Gene;;3684
Compound;;DB00624	DTI	Gene;;24598
Compound;;DB00104	DTI	Gene;;5741
Compound;;MESH;C017769	DTI	Gene;;1025
Compound;;DB00357	DTI	Gene;;25147
Compound;;DB01115	DTI	Gene;;177
Compound;;DB00641	DTI	Gene;;16846
Compound;;DB05381	DTI	Gene;;362
Compound;;DB00898	DTI	Gene;;18126
Compound;;DB00215	DTI	Gene;;1544
Compound;;DB01234	DTI	Gene;;25251
Compound;;DB02656	DTI	Gene;;24224
Compound;;DB08601	DTI	Gene;;314322
Compound;;DB00753	DTI	Gene;;100506658
Compound;;DB00951	DTI	Gene;;1544
Compound;;DB00755	DTI	Gene;;356
Compound;;DB00441	DTI	Gene;;20779
Compound;;DB00877	DTI	Gene;;12534
Compound;;MESH;C045325	DTI	Gene;;6356
Compound;;DB01373	DTI	Gene;;2875
Compound;;DB01373	DTI	Gene;;1443
Compound;;DB01370	DTI	Gene;;24694
Compound;;DB00898	DTI	Gene;;7498
Compound;;DB01844	DTI	Gene;;4609
Compound;;DB01599	DTI	Gene;;1071
Compound;;DB00605	DTI	Gene;;1499
Compound;;MESH;C001969	DTI	Gene;;83817
Compound;;DB01211	DTI	Gene;;4051
Compound;;DB00877	DTI	Gene;;16153
Compound;;DB01880	DTI	Gene;;14360
Compound;;DB12445	DTI	Gene;;25584
Compound;;DB01204	DTI	Gene;;3091
Compound;;DB07352	DTI	Gene;;20296
Compound;;DB11455	DTI	Gene;;4512
Compound;;DB00184	DTI	Gene;;10013
Compound;;DB00806	DTI	Gene;;2357
Compound;;DB00608	DTI	Gene;;18126
Compound;;DB00439	DTI	Gene;;281839
Compound;;DB09185	DTI	Gene;;29253
Compound;;DB00877	DTI	Gene;;30835
Compound;;DB00365	DTI	Gene;;3576
Compound;;DB11672	DTI	Gene;;29260
Compound;;DB00898	DTI	Gene;;4790
Compound;;DB06677	DTI	Gene;;24323
Compound;;DB06641	DTI	Gene;;382056
Compound;;DB00541	DTI	Gene;;1791
Compound;;DB00455	DTI	Gene;;3383
Compound;;DB01229	DTI	Gene;;1956
Compound;;DB00851	DTI	Gene;;673
Compound;;DB00171	DTI	Gene;;36731
Compound;;MESH;C065179	DTI	Gene;;1536
Compound;;DB00773	DTI	Gene;;5320
Compound;;DB01234	DTI	Gene;;14281
Compound;;MESH;D012964	DTI	Gene;;3757
Compound;;DB00564	DTI	Gene;;6323
Compound;;DB09140	DTI	Gene;;6403
Compound;;DB04540	DTI	Gene;;1576
Compound;;DB02362	DTI	Gene;;8775
Compound;;MESH;C045325	DTI	Gene;;1544
Compound;;DB01234	DTI	Gene;;25307
Compound;;DB00990	DTI	Gene;;2064
Compound;;MESH;C111237	DTI	Gene;;841
Compound;;DB11672	DTI	Gene;;873
Compound;;DB01645	DTI	Gene;;26357
Compound;;DB11672	DTI	Gene;;2078
Compound;;DB12116	DTI	Gene;;64032
Compound;;DB00993	DTI	Gene;;22324
Compound;;DB04216	DTI	Gene;;1958
Compound;;DB13495	DTI	Gene;;767822
Compound;;DB00495	DTI	Gene;;10959
Compound;;DB00290	DTI	Gene;;1621
Compound;;DB00396	DTI	Gene;;6347
Compound;;DB04417	DTI	Gene;;266685
Compound;;DB06728	DTI	Gene;;13079
Compound;;DB00171	DTI	Gene;;481
Compound;;DB09078	DTI	Gene;;1576
Compound;;DB05767	DTI	Gene;;4790
Compound;;MESH;C009687	DTI	Gene;;5347
Compound;;DB01005	DTI	Gene;;22171
Compound;;DB12116	DTI	Gene;;2099
Compound;;MESH;C065179	DTI	Gene;;5599
Compound;;DB00644	DTI	Gene;;57492
Compound;;DB12116	DTI	Gene;;6696
Compound;;CHEBI;47916	DTI	Gene;;5243
Compound;;DB06436	DTI	Gene;;3815
Compound;;DB00822	DTI	Gene;;4255
Compound;;DB00143	DTI	Gene;;403632
Compound;;DB01234	DTI	Gene;;14609
Compound;;DB00694	DTI	Gene;;24646
Compound;;DB01045	DTI	Gene;;24088
Compound;;DB00787	DTI	Gene;;64206
Compound;;DB00641	DTI	Gene;;281137
Compound;;DB05294	DTI	Gene;;1432
Compound;;DB04216	DTI	Gene;;5320
Compound;;DB02527	DTI	Gene;;13070
Compound;;DB00783	DTI	Gene;;2896
Compound;;DB00091	DTI	Gene;;21926
Compound;;DB05383	DTI	Gene;;16183
Compound;;DB01065	DTI	Gene;;6532
Compound;;DB00313	DTI	Gene;;1392
Compound;;DB00970	DTI	Gene;;3308
Compound;;MESH;C100058	DTI	Gene;;3091
Compound;;DB00154	DTI	Gene;;246
Compound;;DB07795	DTI	Gene;;8754
Compound;;DB00753	DTI	Gene;;64127
Compound;;DB11672	DTI	Gene;;21898
Compound;;DB00818	DTI	Gene;;25464
Compound;;DB00244	DTI	Gene;;4843
Compound;;DB00136	DTI	Gene;;3458
Compound;;MESH;C579694	DTI	Gene;;331
Compound;;DB01643	DTI	Gene;;24599
Compound;;DB08855	DTI	Gene;;4257
Compound;;DB04115	DTI	Gene;;4513
Compound;;DB00917	DTI	Gene;;58
Compound;;DB06233	DTI	Gene;;1576
Compound;;DB01593	DTI	Gene;;21926
Compound;;DB09014	DTI	Gene;;627
Compound;;DB09060	DTI	Gene;;57124
Compound;;DB01159	DTI	Gene;;310218
Compound;;DB00898	DTI	Gene;;7040
Compound;;DB02527	DTI	Gene;;25712
Compound;;DB02701	DTI	Gene;;2152
Compound;;DB00831	DTI	Gene;;3757
Compound;;DB01373	DTI	Gene;;1191
Compound;;DB01229	DTI	Gene;;21926
Compound;;DB01645	DTI	Gene;;81649
Compound;;DB00396	DTI	Gene;;13617
Compound;;DB00206	DTI	Gene;;29253
Compound;;DB00682	DTI	Gene;;1576
Compound;;DB00143	DTI	Gene;;40048
Compound;;DB01234	DTI	Gene;;6439
Compound;;MESH;D013256	DTI	Gene;;13052
Compound;;MESH;D014801	DTI	Gene;;1588
Compound;;DB02010	DTI	Gene;;852169
Compound;;DB04951	DTI	Gene;;24599
Compound;;DB01536	DTI	Gene;;1588
Compound;;DB01394	DTI	Gene;;25353
Compound;;DB08839	DTI	Gene;;314322
Compound;;DB00783	DTI	Gene;;364773
Compound;;DB00533	DTI	Gene;;26195
Compound;;DB09085	DTI	Gene;;43
Compound;;DB02959	DTI	Gene;;5443
Compound;;DB00624	DTI	Gene;;14609
Compound;;DB01373	DTI	Gene;;4221
Compound;;DB01195	DTI	Gene;;6331
Compound;;DB00678	DTI	Gene;;1906
Compound;;DB06174	DTI	Gene;;1576
Compound;;DB03587	DTI	Gene;;109801
Compound;;DB09061	DTI	Gene;;13079
Compound;;DB00501	DTI	Gene;;76507
Compound;;DB00668	DTI	Gene;;6403
Compound;;DB05134	DTI	Gene;;4846
Compound;;DB00458	DTI	Gene;;3350
Compound;;DB00656	DTI	Gene;;3757
Compound;;DB01752	DTI	Gene;;7172
Compound;;DB04849	DTI	Gene;;2321
Compound;;DB00641	DTI	Gene;;100009088
Compound;;DB01039	DTI	Gene;;7424
Compound;;DB01065	DTI	Gene;;4586
Compound;;DB12422	DTI	Gene;;24494
Compound;;MESH;C075440	DTI	Gene;;100
Compound;;DB01221	DTI	Gene;;7124
Compound;;DB01113	DTI	Gene;;177
Compound;;DB01337	DTI	Gene;;43
Compound;;DB00997	DTI	Gene;;836
Compound;;DB12116	DTI	Gene;;7422
Compound;;DB04216	DTI	Gene;;24338
Compound;;MESH;C006712	DTI	Gene;;4353
Compound;;DB00501	DTI	Gene;;20339
Compound;;DB01035	DTI	Gene;;84350
Compound;;DB01296	DTI	Gene;;11806
Compound;;DB02772	DTI	Gene;;14281
Compound;;MESH;C007619	DTI	Gene;;5599
Compound;;DB00091	DTI	Gene;;1026
Compound;;DB00624	DTI	Gene;;266685
Compound;;DB00118	DTI	Gene;;635
Compound;;DB00591	DTI	Gene;;56458
Compound;;DB01422	DTI	Gene;;1508
Compound;;DB03800	DTI	Gene;;22171
Compound;;MESH;C065179	DTI	Gene;;246297
Compound;;DB06176	DTI	Gene;;64061
Compound;;DB01229	DTI	Gene;;1839
Compound;;DB04216	DTI	Gene;;6774
Compound;;DB02772	DTI	Gene;;837066
Compound;;DB04881	DTI	Gene;;287115
Compound;;DB14085	DTI	Gene;;6286
Compound;;DB04417	DTI	Gene;;250
Compound;;DB00738	DTI	Gene;;7157
Compound;;DB00773	DTI	Gene;;3725
Compound;;DB00783	DTI	Gene;;7039
Compound;;DB01039	DTI	Gene;;1559
Compound;;DB00898	DTI	Gene;;24225
Compound;;DB00158	DTI	Gene;;6347
Compound;;DB00945	DTI	Gene;;17395
Compound;;DB01593	DTI	Gene;;7299
Compound;;DB00841	DTI	Gene;;4790
Compound;;DB01073	DTI	Gene;;7422
Compound;;DB00867	DTI	Gene;;10242
Compound;;MESH;C047382	DTI	Gene;;3091
Compound;;DB01407	DTI	Gene;;24888
Compound;;DB07715	DTI	Gene;;3156
Compound;;DB09038	DTI	Gene;;6523
Compound;;DB00917	DTI	Gene;;246779
Compound;;DB00945	DTI	Gene;;18035
Compound;;DB01645	DTI	Gene;;9429
Compound;;DB00360	DTI	Gene;;64192
Compound;;DB01275	DTI	Gene;;1636
Compound;;DB01065	DTI	Gene;;4318
Compound;;DB00755	DTI	Gene;;25056
Compound;;DB02527	DTI	Gene;;5140
Compound;;DB00755	DTI	Gene;;3552
Compound;;MESH;C569670	DTI	Gene;;5293
Compound;;MESH;D014801	DTI	Gene;;7039
Compound;;MESH;D005227	DTI	Gene;;22173
Compound;;DB00231	DTI	Gene;;1392
Compound;;DB09140	DTI	Gene;;17395
Compound;;DB01275	DTI	Gene;;29473
Compound;;DB00091	DTI	Gene;;29527
Compound;;DB11672	DTI	Gene;;15930
Compound;;DB00898	DTI	Gene;;81522
Compound;;DB01234	DTI	Gene;;64206
Compound;;DB00184	DTI	Gene;;2353
Compound;;MESH;D008244	DTI	Gene;;151056
Compound;;DB01039	DTI	Gene;;100009127
Compound;;DB09085	DTI	Gene;;83817
Compound;;DB00564	DTI	Gene;;314322
Compound;;DB01065	DTI	Gene;;1906
Compound;;DB09124	DTI	Gene;;51478
Compound;;DB00772	DTI	Gene;;11423
Compound;;DB00331	DTI	Gene;;287526
Compound;;DB01373	DTI	Gene;;403878
Compound;;DB00582	DTI	Gene;;1555
Compound;;DB04540	DTI	Gene;;12623
Compound;;DB00091	DTI	Gene;;24525
Compound;;DB00783	DTI	Gene;;24387
Compound;;MESH;D014801	DTI	Gene;;7498
Compound;;DB12130	DTI	Gene;;238
Compound;;DB09060	DTI	Gene;;98766
Compound;;DB11672	DTI	Gene;;10057
Compound;;DB07954	DTI	Gene;;7124
Compound;;DB00656	DTI	Gene;;2078
Compound;;DB00898	DTI	Gene;;1815
Compound;;DB00127	DTI	Gene;;1769
Compound;;DB00783	DTI	Gene;;4513
Compound;;DB00331	DTI	Gene;;27273
Compound;;MESH;D059808	DTI	Gene;;5045
Compound;;DB01229	DTI	Gene;;25402
Compound;;DB02315	DTI	Gene;;419487
Compound;;DB00295	DTI	Gene;;5764
Compound;;MESH;D059808	DTI	Gene;;93759
Compound;;MESH;C065179	DTI	Gene;;29251
Compound;;MESH;C001969	DTI	Gene;;43
Compound;;DB00988	DTI	Gene;;14815
Compound;;DB00877	DTI	Gene;;1026
Compound;;DB00143	DTI	Gene;;5054
Compound;;DB01064	DTI	Gene;;296234
Compound;;DB00818	DTI	Gene;;186
Compound;;DB02116	DTI	Gene;;1020
Compound;;MESH;C032811	DTI	Gene;;6571
Compound;;DB00472	DTI	Gene;;107987479
Compound;;DB02010	DTI	Gene;;3576
Compound;;DB00675	DTI	Gene;;13649
Compound;;DB01118	DTI	Gene;;1576
Compound;;MESH;C091347	DTI	Gene;;18125
Compound;;DB03461	DTI	Gene;;32974
Compound;;DB01159	DTI	Gene;;100379244
Compound;;DB00898	DTI	Gene;;25283
Compound;;DB02315	DTI	Gene;;610169
Compound;;DB00382	DTI	Gene;;540446
Compound;;DB00997	DTI	Gene;;7422
Compound;;DB00539	DTI	Gene;;1544
Compound;;DB00877	DTI	Gene;;1440
Compound;;DB11455	DTI	Gene;;26195
Compound;;DB01645	DTI	Gene;;335
Compound;;DB00310	DTI	Gene;;1636
Compound;;DB01852	DTI	Gene;;67078
Compound;;DB00898	DTI	Gene;;1769
Compound;;DB00755	DTI	Gene;;7076
Compound;;DB00945	DTI	Gene;;4973
Compound;;DB00997	DTI	Gene;;22339
Compound;;DB00818	DTI	Gene;;24887
Compound;;DB00951	DTI	Gene;;17960
Compound;;DB00934	DTI	Gene;;3383
Compound;;DB12582	DTI	Gene;;19225
Compound;;DB08811	DTI	Gene;;1576
Compound;;DB00917	DTI	Gene;;3688
Compound;;DB03756	DTI	Gene;;3569
Compound;;DB00316	DTI	Gene;;43
Compound;;DB00715	DTI	Gene;;1544
Compound;;DB02527	DTI	Gene;;81649
Compound;;DB09140	DTI	Gene;;25085
Compound;;DB00126	DTI	Gene;;57817
Compound;;DB00331	DTI	Gene;;5176
Compound;;DB12831	DTI	Gene;;5319
Compound;;DB03904	DTI	Gene;;547994
Compound;;DB00316	DTI	Gene;;24646
Compound;;DB12610	DTI	Gene;;852876
Compound;;MESH;D013749	DTI	Gene;;11423
Compound;;DB00668	DTI	Gene;;100355056
Compound;;DB01065	DTI	Gene;;20977
Compound;;MESH;D013256	DTI	Gene;;3283
Compound;;DB00171	DTI	Gene;;3291
Compound;;DB01017	DTI	Gene;;25290
Compound;;DB00975	DTI	Gene;;20344
Compound;;DB00917	DTI	Gene;;650
Compound;;DB04946	DTI	Gene;;1565
Compound;;MESH;C546977	DTI	Gene;;25027
Compound;;DB03708	DTI	Gene;;3569
Compound;;DB01221	DTI	Gene;;4790
Compound;;DB01593	DTI	Gene;;12367
Compound;;DB01050	DTI	Gene;;24599
Compound;;DB00446	DTI	Gene;;1557
Compound;;DB03128	DTI	Gene;;534616
Compound;;DB08838	DTI	Gene;;4842
Compound;;DB00128	DTI	Gene;;2990
Compound;;DB01045	DTI	Gene;;13106
Compound;;DB09283	DTI	Gene;;958
Compound;;DB00495	DTI	Gene;;4790
Compound;;DB00541	DTI	Gene;;4170
Compound;;DB00441	DTI	Gene;;13178
Compound;;DB00997	DTI	Gene;;24323
Compound;;DB04540	DTI	Gene;;8399
Compound;;DB04422	DTI	Gene;;462
Compound;;DB01234	DTI	Gene;;17709
Compound;;DB01222	DTI	Gene;;3383
Compound;;DB00501	DTI	Gene;;360539
Compound;;DB00898	DTI	Gene;;310218
Compound;;DB00338	DTI	Gene;;3576
Compound;;DB11780	DTI	Gene;;24599
Compound;;DB06728	DTI	Gene;;4051
Compound;;DB03568	DTI	Gene;;4609
Compound;;DB00640	DTI	Gene;;100033834
Compound;;DB03467	DTI	Gene;;5293
Compound;;DB01592	DTI	Gene;;57379
Compound;;DB08839	DTI	Gene;;312896
Compound;;DB01234	DTI	Gene;;24434
Compound;;DB01065	DTI	Gene;;20845
Compound;;MESH;C065179	DTI	Gene;;177
Compound;;DB01039	DTI	Gene;;2152
Compound;;DB04422	DTI	Gene;;65036
Compound;;DB06589	DTI	Gene;;83785
Compound;;DB04297	DTI	Gene;;20683
Compound;;DB02530	DTI	Gene;;2353
Compound;;DB00898	DTI	Gene;;14805
Compound;;MESH;C113580	DTI	Gene;;5243
Compound;;DB04297	DTI	Gene;;50490
Compound;;DB07919	DTI	Gene;;13076
Compound;;DB00227	DTI	Gene;;7124
Compound;;DB09230	DTI	Gene;;3576
Compound;;DB09140	DTI	Gene;;855480
Compound;;DB04951	DTI	Gene;;12406
Compound;;DB12116	DTI	Gene;;397157
Compound;;DB01626	DTI	Gene;;3176
Compound;;DB00640	DTI	Gene;;4914
Compound;;MESH;C568794	DTI	Gene;;1559
Compound;;DB01645	DTI	Gene;;7124
Compound;;DB00898	DTI	Gene;;127
Compound;;DB00869	DTI	Gene;;6247
Compound;;DB00898	DTI	Gene;;759
Compound;;DB12695	DTI	Gene;;3091
Compound;;DB08895	DTI	Gene;;84598
Compound;;DB00091	DTI	Gene;;4953
Compound;;DB00381	DTI	Gene;;4312
Compound;;DB12116	DTI	Gene;;25402
Compound;;DB00755	DTI	Gene;;12524
Compound;;DB04216	DTI	Gene;;24267
Compound;;DB04690	DTI	Gene;;32458
Compound;;DB04540	DTI	Gene;;300095
Compound;;DB04540	DTI	Gene;;24887
Compound;;DB00471	DTI	Gene;;3576
Compound;;DB08839	DTI	Gene;;101831721
Compound;;DB01017	DTI	Gene;;25402
Compound;;DB00400	DTI	Gene;;7412
Compound;;DB00945	DTI	Gene;;624
Compound;;DB00753	DTI	Gene;;2353
Compound;;DB01183	DTI	Gene;;281416
Compound;;DB02424	DTI	Gene;;4609
Compound;;DB01242	DTI	Gene;;2078
Compound;;DB01171	DTI	Gene;;25750
Compound;;DB14085	DTI	Gene;;260437
Compound;;DB01221	DTI	Gene;;25021
Compound;;DB05767	DTI	Gene;;15978
Compound;;DB04786	DTI	Gene;;1215
Compound;;DB08839	DTI	Gene;;24311
Compound;;MESH;C057114	DTI	Gene;;10908
Compound;;DB01174	DTI	Gene;;335
Compound;;DB00368	DTI	Gene;;24267
Compound;;DB00184	DTI	Gene;;53603
Compound;;DB05521	DTI	Gene;;1576
Compound;;DB01956	DTI	Gene;;12370
Compound;;DB03128	DTI	Gene;;7124
Compound;;DB00159	DTI	Gene;;12683
Compound;;DB00624	DTI	Gene;;12866
Compound;;DB04849	DTI	Gene;;16542
Compound;;DB00586	DTI	Gene;;17708
Compound;;DB01234	DTI	Gene;;78959
Compound;;DB00477	DTI	Gene;;3757
Compound;;DB00806	DTI	Gene;;5599
Compound;;DB04297	DTI	Gene;;6696
Compound;;DB00533	DTI	Gene;;4512
Compound;;DB14500	DTI	Gene;;4790
Compound;;DB00624	DTI	Gene;;24681
Compound;;DB01296	DTI	Gene;;7124
Compound;;MESH;C498826	DTI	Gene;;1576
Compound;;DB00755	DTI	Gene;;21926
Compound;;DB00683	DTI	Gene;;2033
Compound;;DB01593	DTI	Gene;;6564
Compound;;DB00770	DTI	Gene;;6347
Compound;;DB02527	DTI	Gene;;1017
Compound;;DB03608	DTI	Gene;;5646
Compound;;DB00169	DTI	Gene;;3156
Compound;;DB00783	DTI	Gene;;836
Compound;;DB02527	DTI	Gene;;22173
Compound;;DB00143	DTI	Gene;;10404
Compound;;DB00328	DTI	Gene;;5730
Compound;;DB01645	DTI	Gene;;314322
Compound;;DB02656	DTI	Gene;;83619
Compound;;MESH;C066736	DTI	Gene;;3356
Compound;;DB04275	DTI	Gene;;29253
Compound;;DB01252	DTI	Gene;;25253
Compound;;DB00877	DTI	Gene;;1019
Compound;;DB00159	DTI	Gene;;4312
Compound;;DB02527	DTI	Gene;;24599
Compound;;DB08860	DTI	Gene;;4790
Compound;;DB01234	DTI	Gene;;20310
Compound;;MESH;C065179	DTI	Gene;;4973
Compound;;DB01218	DTI	Gene;;1565
Compound;;DB01234	DTI	Gene;;4609
Compound;;DB02901	DTI	Gene;;191574
Compound;;DB00143	DTI	Gene;;506406
Compound;;DB00898	DTI	Gene;;25374
Compound;;DB00196	DTI	Gene;;4051
Compound;;DB00917	DTI	Gene;;5925
Compound;;DB11136	DTI	Gene;;7124
Compound;;DB00783	DTI	Gene;;18127
Compound;;DB00630	DTI	Gene;;5775
Compound;;DB13083	DTI	Gene;;1592
Compound;;DB00624	DTI	Gene;;24230
Compound;;DB00755	DTI	Gene;;978
Compound;;DB07340	DTI	Gene;;20871
Compound;;DB01065	DTI	Gene;;18126
Compound;;DB01174	DTI	Gene;;13088
Compound;;DB00806	DTI	Gene;;3383
Compound;;DB00321	DTI	Gene;;24835
Compound;;DB01645	DTI	Gene;;17390
Compound;;DB11672	DTI	Gene;;4323
Compound;;DB04690	DTI	Gene;;7422
Compound;;DB00421	DTI	Gene;;24310
Compound;;MESH;C041615	DTI	Gene;;43
Compound;;DB00819	DTI	Gene;;11826
Compound;;DB04297	DTI	Gene;;6667
Compound;;DB00682	DTI	Gene;;309004
Compound;;DB02587	DTI	Gene;;1490
Compound;;DB03796	DTI	Gene;;55937
Compound;;DB01065	DTI	Gene;;6622
Compound;;DB01370	DTI	Gene;;1509
Compound;;DB04216	DTI	Gene;;3925
Compound;;DB12116	DTI	Gene;;20296
Compound;;DB00790	DTI	Gene;;24179
Compound;;DB01234	DTI	Gene;;25662
Compound;;DB00201	DTI	Gene;;1385
Compound;;DB01234	DTI	Gene;;79602
Compound;;DB01092	DTI	Gene;;1432
Compound;;DB01234	DTI	Gene;;25380
Compound;;DB00170	DTI	Gene;;5243
Compound;;DB00675	DTI	Gene;;11770
Compound;;DB00908	DTI	Gene;;1543
Compound;;DB00644	DTI	Gene;;107309142
Compound;;DB04115	DTI	Gene;;1948
Compound;;DB00783	DTI	Gene;;16193
Compound;;DB01234	DTI	Gene;;14611
Compound;;MESH;C065179	DTI	Gene;;5806
Compound;;DB04325	DTI	Gene;;25750
Compound;;MESH;D013256	DTI	Gene;;360348
Compound;;DB08873	DTI	Gene;;1576
Compound;;DB00999	DTI	Gene;;9356
Compound;;DB01645	DTI	Gene;;1576
Compound;;DB00295	DTI	Gene;;3726
Compound;;DB00275	DTI	Gene;;24494
Compound;;DB02527	DTI	Gene;;7299
Compound;;DB00945	DTI	Gene;;1956
Compound;;DB01110	DTI	Gene;;1559
Compound;;DB00150	DTI	Gene;;29253
Compound;;DB04422	DTI	Gene;;890
Compound;;DB01708	DTI	Gene;;1543
Compound;;CHEBI;38420	DTI	Gene;;2222
Compound;;DB00499	DTI	Gene;;24297
Compound;;DB00331	DTI	Gene;;1026
Compound;;DB00158	DTI	Gene;;24835
Compound;;DB12116	DTI	Gene;;24599
Compound;;DB08399	DTI	Gene;;6774
Compound;;DB00898	DTI	Gene;;6868
Compound;;DB01184	DTI	Gene;;24646
Compound;;DB00917	DTI	Gene;;282876
Compound;;DB00927	DTI	Gene;;2932
Compound;;DB00331	DTI	Gene;;10499
Compound;;DB01775	DTI	Gene;;3308
Compound;;DB00738	DTI	Gene;;3091
Compound;;DB14085	DTI	Gene;;83817
Compound;;DB00122	DTI	Gene;;590
Compound;;DB00783	DTI	Gene;;12367
Compound;;MESH;C423915	DTI	Gene;;13614
Compound;;DB00331	DTI	Gene;;309165
Compound;;DB03904	DTI	Gene;;1769
Compound;;DB00624	DTI	Gene;;1588
Compound;;DB01422	DTI	Gene;;13030
Compound;;DB03403	DTI	Gene;;8128
Compound;;DB00136	DTI	Gene;;4233
Compound;;MESH;D059808	DTI	Gene;;873
Compound;;DB01394	DTI	Gene;;116569
Compound;;DB01039	DTI	Gene;;66853
Compound;;DB03203	DTI	Gene;;596
Compound;;CHEBI;47916	DTI	Gene;;25251
Compound;;DB01115	DTI	Gene;;29446
Compound;;DB00446	DTI	Gene;;24862
Compound;;MESH;C423915	DTI	Gene;;58
Compound;;DB00381	DTI	Gene;;8991
Compound;;DB02587	DTI	Gene;;5599
Compound;;DB03128	DTI	Gene;;12038
Compound;;DB00675	DTI	Gene;;412
Compound;;DB01234	DTI	Gene;;24957
Compound;;DB00783	DTI	Gene;;14714
Compound;;DB00945	DTI	Gene;;282876
Compound;;DB12116	DTI	Gene;;7040
Compound;;DB00675	DTI	Gene;;21803
Compound;;DB05424	DTI	Gene;;6774
Compound;;MESH;C008548	DTI	Gene;;3958
Compound;;DB12422	DTI	Gene;;3553
Compound;;DB01115	DTI	Gene;;2247
Compound;;DB00678	DTI	Gene;;14219
Compound;;DB00295	DTI	Gene;;83785
Compound;;DB01577	DTI	Gene;;18227
Compound;;DB00382	DTI	Gene;;1645
Compound;;DB06521	DTI	Gene;;3551
Compound;;DB00898	DTI	Gene;;10891
Compound;;DB01373	DTI	Gene;;5331
Compound;;DB00988	DTI	Gene;;24314
Compound;;DB14085	DTI	Gene;;3291
Compound;;DB01403	DTI	Gene;;1544
Compound;;DB02530	DTI	Gene;;14281
Compound;;DB00439	DTI	Gene;;6347
Compound;;MESH;C013243	DTI	Gene;;79784
Compound;;DB01645	DTI	Gene;;2735
Compound;;DB05767	DTI	Gene;;3383
Compound;;DB00122	DTI	Gene;;354
Compound;;DB03107	DTI	Gene;;51733
Compound;;DB01234	DTI	Gene;;2353
Compound;;DB11672	DTI	Gene;;16000
Compound;;DB04552	DTI	Gene;;54600
Compound;;DB00331	DTI	Gene;;24770
Compound;;DB00741	DTI	Gene;;590
Compound;;DB09063	DTI	Gene;;5243
Compound;;DB01586	DTI	Gene;;1906
Compound;;DB00363	DTI	Gene;;25085
Compound;;DB04216	DTI	Gene;;1026
Compound;;DB01373	DTI	Gene;;18125
Compound;;DB00770	DTI	Gene;;24599
Compound;;DB02789	DTI	Gene;;360348
Compound;;DB02527	DTI	Gene;;2538
Compound;;DB04216	DTI	Gene;;20525
Compound;;DB11638	DTI	Gene;;7422
Compound;;DB01017	DTI	Gene;;3091
Compound;;DB11672	DTI	Gene;;24770
Compound;;DB00755	DTI	Gene;;17701
Compound;;DB02527	DTI	Gene;;21943
Compound;;DB02901	DTI	Gene;;16000
Compound;;DB00759	DTI	Gene;;8851
Compound;;DB11455	DTI	Gene;;804478
Compound;;DB01956	DTI	Gene;;100009088
Compound;;DB03366	DTI	Gene;;22173
Compound;;DB01234	DTI	Gene;;17395
Compound;;DB09526	DTI	Gene;;4968
Compound;;DB02901	DTI	Gene;;3552
Compound;;MESH;D003976	DTI	Gene;;12038
Compound;;DB01065	DTI	Gene;;230857
Compound;;DB15588	DTI	Gene;;4790
Compound;;DB00250	DTI	Gene;;303413
Compound;;DB11672	DTI	Gene;;3397
Compound;;MESH;C025451	DTI	Gene;;81649
Compound;;DB00331	DTI	Gene;;23410
Compound;;DB00331	DTI	Gene;;6347
Compound;;DB00201	DTI	Gene;;43
Compound;;DB00205	DTI	Gene;;13361
Compound;;DB04115	DTI	Gene;;15901
Compound;;DB09283	DTI	Gene;;18018
Compound;;DB00270	DTI	Gene;;4878
Compound;;DB03554	DTI	Gene;;281124
Compound;;DB11672	DTI	Gene;;17224
Compound;;DB00675	DTI	Gene;;867
Compound;;DB14085	DTI	Gene;;6647
Compound;;DB04315	DTI	Gene;;2634
Compound;;DB00126	DTI	Gene;;7040
Compound;;DB00624	DTI	Gene;;6774
Compound;;DB00759	DTI	Gene;;21926
Compound;;DB00379	DTI	Gene;;2078
Compound;;DB01645	DTI	Gene;;995
Compound;;DB04216	DTI	Gene;;5445
Compound;;MESH;D006873	DTI	Gene;;16175
Compound;;DB04540	DTI	Gene;;84024
Compound;;DB00675	DTI	Gene;;24482
Compound;;DB01407	DTI	Gene;;25325
Compound;;DB12156	DTI	Gene;;4255
Compound;;DB02527	DTI	Gene;;1588
Compound;;DB04216	DTI	Gene;;5781
Compound;;DB00151	DTI	Gene;;6317
Compound;;DB01103	DTI	Gene;;426748
Compound;;DB00143	DTI	Gene;;25303
Compound;;DB01159	DTI	Gene;;759
Compound;;DB00503	DTI	Gene;;10599
Compound;;DB00331	DTI	Gene;;64384
Compound;;DB01388	DTI	Gene;;24310
Compound;;DB00313	DTI	Gene;;8841
Compound;;DB02115	DTI	Gene;;29539
Compound;;DB04348	DTI	Gene;;3156
Compound;;DB01593	DTI	Gene;;856175
Compound;;DB04297	DTI	Gene;;5743
Compound;;MESH;C030275	DTI	Gene;;22173
Compound;;MESH;C070646	DTI	Gene;;81736
Compound;;MESH;C021597	DTI	Gene;;7200
Compound;;DB00898	DTI	Gene;;497811
Compound;;DB00171	DTI	Gene;;13417
Compound;;DB06444	DTI	Gene;;4790
Compound;;DB04365	DTI	Gene;;5563
Compound;;DB12116	DTI	Gene;;5008
Compound;;DB01039	DTI	Gene;;958
Compound;;MESH;D011136	DTI	Gene;;287115
Compound;;DB11672	DTI	Gene;;6041
Compound;;DB11132	DTI	Gene;;43
Compound;;MESH;D005227	DTI	Gene;;84575
Compound;;DB00624	DTI	Gene;;4023
Compound;;DB11672	DTI	Gene;;3952
Compound;;DB12783	DTI	Gene;;1312
Compound;;DB00554	DTI	Gene;;5743
Compound;;DB00898	DTI	Gene;;210
Compound;;DB00898	DTI	Gene;;17025
Compound;;CHEBI;60311	DTI	Gene;;5617
Compound;;DB00330	DTI	Gene;;1544
Compound;;DB12422	DTI	Gene;;142
Compound;;DB12116	DTI	Gene;;4318
Compound;;DB01643	DTI	Gene;;83785
Compound;;MESH;C111237	DTI	Gene;;9759
Compound;;DB01775	DTI	Gene;;486940
Compound;;DB04892	DTI	Gene;;6622
Compound;;DB01752	DTI	Gene;;1312
Compound;;DB00331	DTI	Gene;;6414
Compound;;DB00625	DTI	Gene;;1544
Compound;;DB00171	DTI	Gene;;2539
Compound;;DB00158	DTI	Gene;;7124
Compound;;DB01373	DTI	Gene;;24248
Compound;;DB00683	DTI	Gene;;6403
Compound;;DB00313	DTI	Gene;;4233
Compound;;DB02527	DTI	Gene;;27185
Compound;;DB00608	DTI	Gene;;8678
Compound;;DB02679	DTI	Gene;;12359
Compound;;DB00784	DTI	Gene;;6817
Compound;;DB00898	DTI	Gene;;12346
Compound;;DB09224	DTI	Gene;;1565
Compound;;DB00624	DTI	Gene;;3292
Compound;;DB01454	DTI	Gene;;171522
Compound;;DB00783	DTI	Gene;;24413
Compound;;DB08911	DTI	Gene;;21926
Compound;;DB01171	DTI	Gene;;4129
Compound;;DB00675	DTI	Gene;;7124
Compound;;DB12116	DTI	Gene;;51181
Compound;;DB00441	DTI	Gene;;8795
Compound;;DB12422	DTI	Gene;;18033
Compound;;MESH;C079574	DTI	Gene;;24323
Compound;;DB01065	DTI	Gene;;18626
Compound;;DB02527	DTI	Gene;;81686
Compound;;DB11672	DTI	Gene;;627
Compound;;DB15565	DTI	Gene;;1636
Compound;;DB00202	DTI	Gene;;493960
Compound;;DB02527	DTI	Gene;;3458
Compound;;DB00917	DTI	Gene;;117516
Compound;;DB00741	DTI	Gene;;2690
Compound;;DB11672	DTI	Gene;;21803
Compound;;MESH;D013004	DTI	Gene;;24446
Compound;;DB00755	DTI	Gene;;396458
Compound;;DB00904	DTI	Gene;;81649
Compound;;DB00170	DTI	Gene;;207
Compound;;DB02527	DTI	Gene;;16890
Compound;;DB00316	DTI	Gene;;19225
Compound;;DB00813	DTI	Gene;;24835
Compound;;DB00783	DTI	Gene;;11651
Compound;;DB00783	DTI	Gene;;25428
Compound;;DB00997	DTI	Gene;;56718
Compound;;DB01536	DTI	Gene;;281740
Compound;;DB01406	DTI	Gene;;7057
Compound;;DB00390	DTI	Gene;;15251
Compound;;DB02527	DTI	Gene;;19084
Compound;;DB01065	DTI	Gene;;8600
Compound;;DB07392	DTI	Gene;;373156
Compound;;DB01645	DTI	Gene;;21926
Compound;;DB06774	DTI	Gene;;19225
Compound;;DB01065	DTI	Gene;;29527
Compound;;DB07726	DTI	Gene;;373156
Compound;;DB00563	DTI	Gene;;7172
Compound;;DB01105	DTI	Gene;;1555
Compound;;DB00331	DTI	Gene;;3162
Compound;;DB07352	DTI	Gene;;3397
Compound;;DB01393	DTI	Gene;;250
Compound;;DB00244	DTI	Gene;;1499
Compound;;DB01586	DTI	Gene;;10599
Compound;;DB08838	DTI	Gene;;24609
Compound;;DB01234	DTI	Gene;;919
Compound;;DB00571	DTI	Gene;;15251
Compound;;DB04115	DTI	Gene;;8877
Compound;;DB00877	DTI	Gene;;19211
Compound;;DB00715	DTI	Gene;;25553
Compound;;DB04297	DTI	Gene;;4513
Compound;;DB00640	DTI	Gene;;41092
Compound;;MESH;C012949	DTI	Gene;;282883
Compound;;DB00818	DTI	Gene;;25402
Compound;;DB01234	DTI	Gene;;4312
Compound;;DB00608	DTI	Gene;;7124
Compound;;DB01174	DTI	Gene;;116568
Compound;;DB00818	DTI	Gene;;12367
Compound;;DB04216	DTI	Gene;;81687
Compound;;DB00179	DTI	Gene;;3480
Compound;;DB09070	DTI	Gene;;4312
Compound;;DB00624	DTI	Gene;;13075
Compound;;DB09270	DTI	Gene;;24835
Compound;;DB00945	DTI	Gene;;16476
Compound;;DB00917	DTI	Gene;;480048
Compound;;DB11672	DTI	Gene;;64292
Compound;;DB01917	DTI	Gene;;76507
Compound;;DB03316	DTI	Gene;;11181
Compound;;DB02656	DTI	Gene;;5580
Compound;;DB01234	DTI	Gene;;2752
Compound;;DB02527	DTI	Gene;;307940
Compound;;MESH;C488369	DTI	Gene;;13836
Compound;;MESH;D003976	DTI	Gene;;590
Compound;;DB06589	DTI	Gene;;1576
Compound;;DB01593	DTI	Gene;;635
Compound;;DB01593	DTI	Gene;;290
Compound;;DB02656	DTI	Gene;;4513
Compound;;DB00643	DTI	Gene;;590
Compound;;DB00126	DTI	Gene;;531682
Compound;;DB00396	DTI	Gene;;7412
Compound;;DB09140	DTI	Gene;;2539
Compound;;DB00783	DTI	Gene;;100009130
Compound;;DB00501	DTI	Gene;;1576
Compound;;DB00879	DTI	Gene;;4851
Compound;;DB00917	DTI	Gene;;3557
Compound;;DB08839	DTI	Gene;;43
Compound;;MESH;C043877	DTI	Gene;;314322
Compound;;DB08653	DTI	Gene;;29253
Compound;;DB00641	DTI	Gene;;24835
Compound;;DB00641	DTI	Gene;;5743
Compound;;MESH;C102790	DTI	Gene;;1555
Compound;;DB00126	DTI	Gene;;250
Compound;;DB00898	DTI	Gene;;238505
Compound;;DB00783	DTI	Gene;;65030
Compound;;DB01103	DTI	Gene;;19122
Compound;;DB00753	DTI	Gene;;23821
Compound;;DB01005	DTI	Gene;;7124
Compound;;DB12116	DTI	Gene;;43
Compound;;DB00624	DTI	Gene;;4842
Compound;;DB03756	DTI	Gene;;5468
Compound;;DB00421	DTI	Gene;;1401
Compound;;DB00122	DTI	Gene;;65036
Compound;;DB00755	DTI	Gene;;9227
Compound;;DB00603	DTI	Gene;;3725
Compound;;DB00281	DTI	Gene;;6646
Compound;;DB05767	DTI	Gene;;3569
Compound;;DB01229	DTI	Gene;;24646
Compound;;DB04540	DTI	Gene;;300438
Compound;;DB00898	DTI	Gene;;397300
Compound;;DB04315	DTI	Gene;;5923
Compound;;DB08399	DTI	Gene;;19225
Compound;;MESH;C001470	DTI	Gene;;1576
Compound;;DB05294	DTI	Gene;;6582
Compound;;MESH;D014801	DTI	Gene;;177
Compound;;DB09282	DTI	Gene;;24323
Compound;;DB11730	DTI	Gene;;1019
Compound;;DB00753	DTI	Gene;;14281
Compound;;CHEBI;47916	DTI	Gene;;7299
Compound;;DB06777	DTI	Gene;;24862
Compound;;MESH;C073008	DTI	Gene;;2224
Compound;;DB09140	DTI	Gene;;1728
Compound;;DB11672	DTI	Gene;;354
Compound;;DB01241	DTI	Gene;;8694
Compound;;DB00987	DTI	Gene;;2353
Compound;;DB01092	DTI	Gene;;16414
Compound;;DB00741	DTI	Gene;;443325
